15327700	MATCH	35	2	336
15327701	MATCH	100	1	201
15327702	MATCH	65	1	3381
15327703	otherconfig	29	2	282
15327704	MATCH	33	2	1197
15327705	MATCH	17	1	1328
15327706	MATCH	100	2	4303
15327707	MATCH	13	2	556
15327708	MATCH	12	2	799
15327709	MATCH	15	1	1009
15327710	otherconfig	18	1	798
15327711	MATCH	15	1	219
15327712	MATCH	25	1	594
15327713	MATCH	30	1	383
15327714	MATCH	46	2	552
15327715	MATCH	20	1	209
15327716	MATCH	60	2	545
15327717	MATCH	40	1	1150
15327718	MATCH	41	2	492
15327719	MATCH	25	1	586
15327720	MATCH	16	1	313
15327721	MATCH	26	1	257
15327722	MATCH	12	1	528
15327723	MATCH	26	1	401
15327724	MATCH	16	1	300
15327725	MATCH	15	1	221
15327726	MATCH	26	1	400
15327727	MATCH	26	1	309
15327728	MATCH	60	1	1399
15327729	MATCH	26	1	266
15327730	MATCH	15	1	145
15327731	MATCH	17	1	329
15327732	MATCH	36	1	573
15327733	MATCH	65	1	539
15327734	MATCH	17	1	329
15327735	MATCH	46	2	566
15327736	MATCH	77	2	956
15327737	MATCH	31	2	371
15327738	MATCH	31	1	289
15327739	MATCH	30	1	395
15327740	MATCH	16	1	407
15327741	MATCH	46	2	560
15327742	MATCH	16	1	277
15327743	MATCH	56	2	686
15327744	MATCH	31	1	289
15327745	MATCH	31	1	289
15327746	MATCH	31	1	445
15327747	MATCH	10	1	357
15327748	MATCH	12	1	205
15327749	MATCH	35	1	441
15327750	otherconfig	100	1	2188
15327751	MATCH	16	1	286
15327752	MATCH	17	2	207
15327753	MATCH	32	1	447
15327754	MATCH	35	1	441
15327755	otherconfig	41	2	1595
15327756	MATCH	30	1	383
15327757	MATCH	16	2	170
15327758	otherconfig	15	1	1002
15327759	MATCH	10	1	277
15327760	MATCH	65	1	3465
15327761	MATCH	46	2	547
15327762	MATCH	40	2	564
15327763	otherconfig	86	2	2158
15327764	MATCH	23	1	856
15327765	MATCH	21	2	235
15327766	MATCH	27	1	406
15327767	otherconfig	21	2	1428
15327768	MATCH	41	2	1786
15327769	MATCH	100	2	2858
15327770	MATCH	62	2	3612
15327771	MATCH	17	2	356
15327772	MATCH	24	2	622
15327773	MATCH	92	2	4129
15327774	MATCH	30	1	1155
15327775	MATCH	57	1	1923
15327776	MATCH	35	1	1457
15327777	MATCH	39	1	1543
15327778	MATCH	14	1	763
15327779	MATCH	12	1	656
15327780	MATCH	16	1	854
15327781	MATCH	21	1	551
15327782	MATCH	41	1	1931
15327783	MATCH	58	2	2713
15327784	MATCH	15	2	527
15327785	MATCH	11	2	518
15327786	MATCH	44	2	973
15327787	MATCH	20	2	737
15327788	MATCH	58	1	3448
15327789	MATCH	100	2	5539
15327790	MATCH	22	1	579
15327791	MATCH	20	2	301
15327792	MATCH	61	1	4006
15327793	MATCH	14	1	290
15327794	MATCH	31	1	1302
15327795	MATCH	100	1	7366
15327796	MATCH	15	2	228
15327797	MATCH	35	2	390
15327798	MATCH	22	1	1014
15327799	MATCH	32	2	1815
15327800	MATCH	64	2	1543
15327801	MATCH	64	1	3222
15327802	MATCH	11	1	217
15327803	MATCH	16	2	225
15327804	MATCH	18	1	281
15327805	MATCH	16	2	175
15327806	MATCH	25	2	402
15327807	MATCH	20	2	424
15327808	MATCH	60	1	1973
15327809	MATCH	7	1	335
15327810	MATCH	11	1	330
15327811	MATCH	34	2	1998
15327812	MATCH	12	1	284
15327813	MATCH	29	2	877
15327814	MATCH	20	1	674
15327815	MATCH	24	2	1587
15327816	MATCH	86	2	2426
15327817	MATCH	16	1	491
15327818	MATCH	20	1	693
15327819	MATCH	29	2	826
15327820	MATCH	25	2	1340
15327821	MATCH	13	2	639
15327822	MATCH	25	2	489
15327823	MATCH	100	1	1699
15327824	MATCH	13	2	687
15327825	MATCH	13	2	705
15327826	MATCH	43	1	2228
15327827	MATCH	11	1	263
15327828	MATCH	25	1	909
15327829	MATCH	8	1	242
15327830	MATCH	11	1	269
15327831	MATCH	24	1	249
15327832	MATCH	12	2	277
15327833	MATCH	33	1	363
15327834	MATCH	9	1	1015
15327835	MATCH	12	1	279
15327836	MATCH	24	1	249
15327837	MATCH	11	1	323
15327838	MATCH	18	1	809
15327839	MATCH	12	2	277
15327840	MATCH	17	2	297
15327841	MATCH	24	1	249
15327842	MATCH	32	1	743
15327843	MATCH	100	2	6316
15327844	MATCH	78	2	2933
15327845	MATCH	9	1	204
15327846	MATCH	26	1	784
15327847	MATCH	11	1	241
15327848	MATCH	25	1	540
15327849	MATCH	21	1	368
15327850	MATCH	25	1	338
15327851	MATCH	16	2	250
15327852	MATCH	24	1	904
15327853	MATCH	74	1	4350
15327854	MATCH	100	2	5212
15327855	MATCH	10	1	107
15327856	MATCH	65	1	3360
15327857	MATCH	20	1	537
15327858	MATCH	65	1	545
15327859	MATCH	41	2	490
15327860	MATCH	10	1	107
15327861	MATCH	65	1	3262
15327862	MATCH	28	2	2086
15327863	MATCH	18	2	153
15327864	MATCH	53	1	4324
15327865	MATCH	40	1	1144
15327866	MATCH	20	1	1394
15327867	MATCH	15	1	373
15327868	MATCH	31	2	2215
15327869	MATCH	57	1	3164
15327870	MATCH	60	1	463
15327871	MATCH	100	2	5212
15327872	MATCH	15	1	145
15327873	MATCH	25	1	461
15327874	MATCH	50	1	443
15327875	MATCH	45	1	509
15327876	MATCH	71	1	3456
15327877	MATCH	20	1	210
15327878	MATCH	18	2	1135
15327879	MATCH	18	2	294
15327880	MATCH	50	1	598
15327881	MATCH	47	2	563
15327882	MATCH	34	2	2116
15327883	MATCH	20	1	325
15327884	otherconfig	59	2	1668
15327885	MATCH	26	1	307
15327886	MATCH	12	1	560
15327887	MATCH	27	1	394
15327888	MATCH	16	1	283
15327889	otherconfig	19	1	911
15327890	MATCH	26	1	401
15327891	MATCH	11	1	208
15327892	MATCH	31	1	441
15327893	MATCH	36	1	573
15327894	MATCH	33	1	574
15327895	MATCH	33	1	443
15327896	MATCH	17	1	329
15327897	MATCH	15	1	117
15327898	MATCH	17	1	329
15327899	MATCH	31	1	289
15327900	MATCH	27	1	452
15327901	MATCH	80	1	4445
15327902	MATCH	33	1	846
15327903	MATCH	42	1	1154
15327904	MATCH	35	2	335
15327905	MATCH	26	1	309
15327906	MATCH	11	1	113
15327907	MATCH	31	1	289
15327908	MATCH	15	1	375
15327909	MATCH	47	1	559
15327910	MATCH	26	1	266
15327911	MATCH	30	1	367
15327912	MATCH	42	1	464
15327913	MATCH	46	2	548
15327914	MATCH	20	1	209
15327915	MATCH	41	2	686
15327916	MATCH	17	1	308
15327917	MATCH	37	1	407
15327918	MATCH	15	1	167
15327919	MATCH	76	1	868
15327920	MATCH	25	1	607
15327921	MATCH	77	1	956
15327922	MATCH	77	1	773
15327923	MATCH	60	1	513
15327924	MATCH	71	2	597
15327925	MATCH	46	2	553
15327926	MATCH	30	1	365
15327927	MATCH	71	2	813
15327928	MATCH	40	1	461
15327929	MATCH	76	2	878
15327930	MATCH	41	2	490
15327931	MATCH	46	2	565
15327932	otherconfig	46	1	1212
15327933	MATCH	15	1	173
15327934	otherconfig	73	1	3479
15327935	otherconfig	35	1	1205
15327936	MATCH	100	2	5266
15327937	MATCH	13	1	505
15327938	MATCH	100	1	4033
15327939	MATCH	100	2	4528
15327940	MATCH	72	1	2042
15327941	MATCH	74	1	3292
15327942	MATCH	44	2	1514
15327943	MATCH	71	1	2227
15327944	MATCH	40	1	525
15327945	MATCH	20	1	525
15327946	MATCH	30	1	365
15327947	MATCH	30	1	341
15327948	MATCH	51	2	608
15327949	MATCH	61	2	744
15327950	MATCH	25	1	268
15327951	MATCH	30	1	322
15327952	MATCH	15	1	201
15327953	MATCH	20	1	317
15327954	MATCH	57	2	712
15327955	MATCH	65	1	747
15327956	MATCH	7	1	300
15327957	MATCH	24	1	693
15327958	MATCH	8	1	243
15327959	MATCH	9	1	269
15327960	MATCH	95	1	3354
15327961	MATCH	20	1	496
15327962	MATCH	15	1	180
15327963	MATCH	46	2	587
15327964	MATCH	40	1	1158
15327965	MATCH	45	1	520
15327966	MATCH	25	1	271
15327967	MATCH	30	1	330
15327968	MATCH	20	1	318
15327969	MATCH	15	1	200
15327970	MATCH	52	2	625
15327971	MATCH	37	2	423
15327972	MATCH	46	2	558
15327973	MATCH	0	2	3
15327974	MATCH	0	2	3
15327975	MATCH	0	2	3
15327976	MATCH	0	2	3
15327977	MATCH	17	1	405
15327978	MATCH	0	2	3
15327979	MATCH	36	1	498
15327980	MATCH	0	2	3
15327981	MATCH	30	1	388
15327982	MATCH	33	1	846
15327983	otherconfig	66	2	1734
15327984	MATCH	36	1	485
15327985	MATCH	33	1	443
15327986	MATCH	0	2	3
15327987	MATCH	62	1	637
15327988	MATCH	0	2	3
15327989	MATCH	33	1	574
15327990	MATCH	0	2	3
15327991	MATCH	0	2	3
15327992	MATCH	49	1	554
15327993	MATCH	0	2	3
15327994	MATCH	19	1	331
15327995	MATCH	19	1	331
15327996	MATCH	56	2	645
15327997	MATCH	62	1	698
15327998	MATCH	56	2	645
15327999	MATCH	56	2	645
15328000	MATCH	23	1	335
15328001	MATCH	11	1	85
15328002	MATCH	16	1	663
15328003	MATCH	16	1	189
15328004	MATCH	16	1	216
15328005	MATCH	21	1	265
15328006	MATCH	21	2	326
15328007	MATCH	43	2	5159
15328008	MATCH	51	1	1678
15328009	MATCH	26	1	324
15328010	MATCH	100	1	2047
15328011	MATCH	16	1	317
15328012	MATCH	21	1	1341
15328013	MATCH	56	1	790
15328014	MATCH	40	2	3223
15328015	MATCH	21	2	432
15328016	MATCH	31	1	929
15328017	MATCH	27	1	803
15328018	MATCH	26	2	1945
15328019	MATCH	19	2	205
15328020	MATCH	100	2	9617
15328021	MATCH	61	1	3326
15328022	MATCH	100	1	3416
15328023	MATCH	65	1	1630
15328024	MATCH	10	1	825
15328025	MATCH	12	1	591
15328026	MATCH	35	2	1053
15328027	MATCH	11	1	438
15328028	MATCH	21	1	979
15328029	MATCH	23	1	539
15328030	MATCH	100	2	2598
15328031	MATCH	5	2	484
15328032	MATCH	12	2	768
15328033	MATCH	20	1	502
15328034	MATCH	5	2	616
15328035	MATCH	5	2	616
15328036	MATCH	5	2	616
15328037	MATCH	7	2	446
15328038	otherconfig	31	1	1578
15328039	otherconfig	37	2	2717
15328040	MATCH	100	1	10521
15328041	MATCH	36	2	1216
15328042	MATCH	0	2	3
15328043	MATCH	14	2	254
15328044	MATCH	0	2	3
15328045	MATCH	0	2	3
15328046	MATCH	0	2	3
15328047	MATCH	0	2	3
15328048	MATCH	0	2	3
15328049	otherconfig	21	2	1363
15328050	otherconfig	11	2	663
15328051	MATCH	100	1	4557
15328052	otherconfig	11	2	692
15328053	MATCH	100	2	6880
15328054	MATCH	13	1	608
15328055	MATCH	89	2	10976
15328056	MATCH	76	2	3361
15328057	MATCH	69	1	1081
15328058	MATCH	100	1	9769
15328059	MATCH	57	1	1875
15328060	MATCH	21	2	217
15328061	MATCH	100	1	1717
15328062	MATCH	66	2	1593
15328063	MATCH	57	2	1104
15328064	MATCH	29	1	888
15328065	MATCH	10	1	1170
15328066	MATCH	15	1	174
15328067	MATCH	91	2	2797
15328068	MATCH	21	1	282
15328069	MATCH	100	2	570
15328070	MATCH	17	2	747
15328071	MATCH	100	2	1119
15328072	MATCH	15	1	504
15328073	MATCH	34	2	536
15328074	MATCH	100	2	799
15328075	MATCH	50	1	664
15328076	MATCH	37	2	2217
15328077	MATCH	46	2	549
15328078	MATCH	31	1	1915
15328079	MATCH	25	1	589
15328080	MATCH	100	1	4228
15328081	MATCH	46	2	599
15328082	MATCH	100	2	1129
15328083	MATCH	15	1	183
15328084	MATCH	46	2	576
15328085	MATCH	100	2	7631
15328086	MATCH	40	1	529
15328087	MATCH	100	2	2400
15328088	MATCH	28	1	1626
15328089	MATCH	38	1	2165
15328090	MATCH	26	2	1940
15328091	MATCH	100	2	8090
15328092	MATCH	27	1	827
15328093	MATCH	28	2	1084
15328094	MATCH	79	2	4398
15328095	MATCH	19	2	502
15328096	MATCH	100	1	1852
15328097	MATCH	15	1	585
15328098	MATCH	34	1	3402
15328099	MATCH	71	2	7561
15328100	MATCH	100	2	551
15328101	MATCH	34	1	3803
15328102	MATCH	100	2	4264
15328103	otherconfig	39	1	1647
15328104	MATCH	50	1	642
15328105	MATCH	100	2	697
15328106	MATCH	20	1	536
15328107	MATCH	30	1	371
15328108	MATCH	45	1	519
15328109	MATCH	100	2	848
15328110	MATCH	43	2	391
15328111	MATCH	20	1	239
15328112	MATCH	30	2	1386
15328113	MATCH	35	1	1662
15328114	MATCH	52	2	605
15328115	MATCH	25	2	652
15328116	MATCH	20	1	265
15328117	MATCH	23	1	1177
15328118	MATCH	100	2	2656
15328119	MATCH	30	2	380
15328120	MATCH	20	1	202
15328121	MATCH	65	1	774
15328122	MATCH	100	1	5259
15328123	MATCH	36	2	502
15328124	MATCH	40	1	457
15328125	MATCH	71	1	2301
15328126	MATCH	100	1	1157
15328127	MATCH	45	2	2763
15328128	MATCH	13	2	612
15328129	MATCH	70	1	2587
15328130	MATCH	14	1	264
15328131	MATCH	31	1	538
15328132	MATCH	35	2	523
15328133	MATCH	32	2	544
15328134	MATCH	80	2	4421
15328135	MATCH	19	1	536
15328136	otherconfig	62	2	2831
15328137	MATCH	100	2	6880
15328138	MATCH	100	1	2319
15328139	MATCH	56	1	2983
15328140	MATCH	16	1	313
15328141	MATCH	81	2	3658
15328142	MATCH	30	1	241
15328143	MATCH	57	1	1887
15328144	MATCH	30	1	241
15328145	MATCH	80	1	5008
15328146	MATCH	33	1	369
15328147	MATCH	16	1	313
15328148	MATCH	13	1	144
15328149	MATCH	32	1	427
15328150	MATCH	99	1	3231
15328151	MATCH	28	1	381
15328152	MATCH	17	1	736
15328153	MATCH	42	1	1029
15328154	MATCH	32	2	494
15328155	MATCH	26	2	328
15328156	MATCH	14	1	115
15328157	MATCH	28	1	270
15328158	MATCH	38	2	455
15328159	MATCH	35	1	351
15328160	MATCH	37	2	589
15328161	MATCH	21	1	293
15328162	MATCH	84	1	2569
15328163	MATCH	100	2	741
15328164	MATCH	16	1	313
15328165	MATCH	22	1	338
15328166	MATCH	42	1	437
15328167	MATCH	15	2	144
15328168	MATCH	42	1	424
15328169	MATCH	57	1	2760
15328170	MATCH	42	1	509
15328171	MATCH	10	1	179
15328172	MATCH	72	1	850
15328173	MATCH	43	2	593
15328174	MATCH	100	2	6847
15328175	MATCH	42	1	510
15328176	MATCH	27	1	272
15328177	MATCH	35	1	334
15328178	MATCH	76	2	882
15328179	MATCH	49	1	530
15328180	MATCH	26	1	214
15328181	otherconfig	55	1	1712
15328182	MATCH	30	1	241
15328183	MATCH	20	2	263
15328184	MATCH	71	2	823
15328185	otherconfig	34	1	1063
15328186	MATCH	28	1	270
15328187	MATCH	28	1	265
15328188	MATCH	40	2	602
15328189	MATCH	28	1	276
15328190	MATCH	37	1	407
15328191	otherconfig	100	1	4371
15328192	otherconfig	76	1	2323
15328193	MATCH	17	1	156
15328194	MATCH	17	1	1066
15328195	MATCH	17	1	267
15328196	MATCH	32	1	401
15328197	MATCH	21	1	1426
15328198	MATCH	29	2	1465
15328199	MATCH	28	1	670
15328200	MATCH	29	2	759
15328201	MATCH	13	1	143
15328202	MATCH	16	2	200
15328203	MATCH	65	2	718
15328204	MATCH	11	1	221
15328205	MATCH	100	1	351
15328206	MATCH	27	1	572
15328207	MATCH	25	2	349
15328208	MATCH	17	1	476
15328209	otherconfig	51	2	1784
15328210	MATCH	100	1	728
15328211	otherconfig	41	2	1712
15328212	MATCH	50	2	597
15328213	MATCH	100	1	1161
15328214	MATCH	53	2	527
15328215	MATCH	100	1	1060
15328216	MATCH	66	2	535
15328217	MATCH	100	1	4179
15328218	MATCH	100	1	1529
15328219	MATCH	23	1	566
15328220	MATCH	15	1	480
15328221	MATCH	100	1	1341
15328222	MATCH	21	1	351
15328223	MATCH	16	1	279
15328224	MATCH	17	1	268
15328225	MATCH	12	1	277
15328226	MATCH	37	1	462
15328227	MATCH	67	1	843
15328228	MATCH	16	2	313
15328229	MATCH	76	2	892
15328230	MATCH	15	1	203
15328231	MATCH	41	2	430
15328232	MATCH	67	1	843
15328233	MATCH	25	1	375
15328234	MATCH	77	2	905
15328235	MATCH	19	2	331
15328236	MATCH	67	1	843
15328237	MATCH	17	1	263
15328238	MATCH	100	2	2995
15328239	MATCH	17	1	329
15328240	MATCH	17	2	329
15328241	MATCH	67	1	843
15328242	MATCH	26	2	561
15328243	MATCH	17	1	329
15328244	otherconfig	86	2	2288
15328245	MATCH	33	1	443
15328246	MATCH	29	1	387
15328247	MATCH	100	2	6995
15328248	MATCH	77	2	905
15328249	MATCH	17	1	329
15328250	MATCH	10	1	203
15328251	MATCH	100	2	4533
15328252	MATCH	80	1	4303
15328253	MATCH	35	2	424
15328254	MATCH	22	2	269
15328255	MATCH	13	1	227
15328256	MATCH	75	1	1099
15328257	MATCH	100	2	4925
15328258	MATCH	41	2	499
15328259	MATCH	34	1	428
15328260	MATCH	100	2	4541
15328261	MATCH	32	1	743
15328262	MATCH	100	2	4542
15328263	MATCH	28	1	474
15328264	MATCH	25	1	338
15328265	MATCH	25	1	352
15328266	MATCH	18	1	298
15328267	MATCH	20	2	521
15328268	MATCH	18	1	297
15328269	MATCH	12	1	277
15328270	MATCH	17	2	334
15328271	MATCH	14	1	229
15328272	MATCH	100	2	8680
15328273	MATCH	21	2	207
15328274	MATCH	16	2	313
15328275	MATCH	14	1	313
15328276	MATCH	21	1	316
15328277	MATCH	36	1	424
15328278	MATCH	14	1	146
15328279	MATCH	66	2	685
15328280	MATCH	40	1	742
15328281	MATCH	73	1	3824
15328282	MATCH	36	1	437
15328283	MATCH	66	2	685
15328284	MATCH	66	2	685
15328285	MATCH	21	2	181
15328286	MATCH	55	1	717
15328287	MATCH	100	1	911
15328288	MATCH	11	1	230
15328289	MATCH	20	1	324
15328290	MATCH	47	1	786
15328291	MATCH	36	1	437
15328292	MATCH	42	2	498
15328293	MATCH	16	1	318
15328294	MATCH	21	1	283
15328295	MATCH	66	2	685
15328296	MATCH	15	1	480
15328297	MATCH	38	1	681
15328298	MATCH	21	1	351
15328299	MATCH	16	1	279
15328300	MATCH	13	1	141
15328301	MATCH	18	1	328
15328302	MATCH	48	1	450
15328303	MATCH	19	1	278
15328304	MATCH	25	2	442
15328305	MATCH	12	1	277
15328306	MATCH	30	1	241
15328307	MATCH	19	1	276
15328308	MATCH	16	1	313
15328309	MATCH	25	1	375
15328310	MATCH	17	2	329
15328311	MATCH	16	1	313
15328312	MATCH	16	2	313
15328313	MATCH	16	1	313
15328314	MATCH	10	1	203
15328315	MATCH	36	1	424
15328316	otherconfig	44	2	1365
15328317	MATCH	52	2	856
15328318	MATCH	66	2	640
15328319	otherconfig	32	1	1122
15328320	MATCH	36	1	437
15328321	MATCH	45	2	682
15328322	MATCH	21	2	181
15328323	MATCH	16	1	313
15328324	MATCH	81	1	4349
15328325	MATCH	13	1	227
15328326	MATCH	47	2	760
15328327	MATCH	16	1	313
15328328	MATCH	66	2	640
15328329	MATCH	14	1	229
15328330	MATCH	21	1	284
15328331	MATCH	12	1	692
15328332	MATCH	44	2	2718
15328333	MATCH	16	1	307
15328334	MATCH	36	1	573
15328335	MATCH	100	1	3575
15328336	MATCH	32	1	2006
15328337	MATCH	44	2	662
15328338	MATCH	36	1	1840
15328339	MATCH	100	1	1760
15328340	MATCH	39	2	451
15328341	MATCH	21	2	184
15328342	MATCH	24	1	913
15328343	MATCH	7	2	1193
15328344	MATCH	71	2	1183
15328345	MATCH	18	1	295
15328346	MATCH	28	1	519
15328347	MATCH	35	2	1164
15328348	MATCH	100	2	352
15328349	MATCH	19	1	712
15328350	otherconfig	47	1	1865
15328351	MATCH	11	1	233
15328352	MATCH	44	2	439
15328353	MATCH	23	1	888
15328354	MATCH	17	1	271
15328355	MATCH	20	2	181
15328356	MATCH	18	1	386
15328357	MATCH	11	1	338
15328358	MATCH	21	1	213
15328359	MATCH	21	1	213
15328360	MATCH	21	1	292
15328361	MATCH	21	1	213
15328362	MATCH	19	1	209
15328363	MATCH	11	2	221
15328364	MATCH	21	1	213
15328365	MATCH	6	1	188
15328366	MATCH	7	1	313
15328367	MATCH	15	2	838
15328368	MATCH	11	1	331
15328369	MATCH	20	2	591
15328370	MATCH	100	2	5351
15328371	MATCH	7	1	763
15328372	MATCH	12	1	743
15328373	MATCH	47	2	2047
15328374	MATCH	34	1	2800
15328375	MATCH	27	1	1367
15328376	MATCH	22	1	338
15328377	MATCH	42	1	507
15328378	MATCH	32	2	566
15328379	MATCH	52	1	451
15328380	MATCH	27	1	269
15328381	MATCH	17	1	273
15328382	MATCH	17	1	177
15328383	MATCH	22	1	346
15328384	MATCH	25	1	373
15328385	MATCH	30	1	902
15328386	MATCH	44	1	539
15328387	MATCH	21	1	277
15328388	MATCH	52	1	856
15328389	MATCH	20	2	311
15328390	MATCH	46	1	535
15328391	MATCH	46	2	2104
15328392	MATCH	29	1	374
15328393	MATCH	31	1	362
15328394	MATCH	25	1	312
15328395	MATCH	31	1	362
15328396	MATCH	31	1	290
15328397	MATCH	20	2	311
15328398	MATCH	46	2	2349
15328399	MATCH	31	1	250
15328400	MATCH	20	2	311
15328401	MATCH	66	1	560
15328402	MATCH	39	1	1601
15328403	MATCH	25	1	340
15328404	MATCH	43	1	559
15328405	MATCH	62	1	3562
15328406	MATCH	37	1	589
15328407	MATCH	67	1	843
15328408	MATCH	31	1	306
15328409	MATCH	62	1	698
15328410	MATCH	26	1	321
15328411	MATCH	33	1	443
15328412	MATCH	17	1	329
15328413	MATCH	52	1	705
15328414	MATCH	62	1	637
15328415	MATCH	43	1	593
15328416	MATCH	49	2	525
15328417	MATCH	30	1	381
15328418	MATCH	17	1	329
15328419	MATCH	67	1	843
15328420	MATCH	27	1	409
15328421	MATCH	67	1	843
15328422	MATCH	49	1	554
15328423	MATCH	17	1	151
15328424	MATCH	13	1	772
15328425	MATCH	17	1	248
15328426	MATCH	17	1	268
15328427	MATCH	60	1	3599
15328428	MATCH	9	1	419
15328429	MATCH	26	2	833
15328430	MATCH	17	2	592
15328431	MATCH	57	2	2935
15328432	MATCH	30	2	1422
15328433	MATCH	22	1	284
15328434	MATCH	11	1	113
15328435	MATCH	31	1	276
15328436	MATCH	50	2	682
15328437	MATCH	27	1	1367
15328438	MATCH	26	1	191
15328439	MATCH	46	2	3441
15328440	MATCH	60	1	1945
15328441	MATCH	11	1	749
15328442	MATCH	26	1	214
15328443	MATCH	21	1	887
15328444	MATCH	31	2	230
15328445	MATCH	16	1	594
15328446	MATCH	31	2	231
15328447	MATCH	100	1	7729
15328448	MATCH	13	2	1074
15328449	MATCH	0	2	3
15328450	MATCH	39	2	2095
15328451	MATCH	100	2	909
15328452	MATCH	0	2	3
15328453	MATCH	0	2	3
15328454	MATCH	14	1	199
15328455	MATCH	10	2	242
15328456	MATCH	0	2	3
15328457	MATCH	35	1	388
15328458	MATCH	0	2	3
15328459	MATCH	14	1	91
15328460	MATCH	14	1	573
15328461	MATCH	32	2	331
15328462	MATCH	0	2	3
15328463	MATCH	41	1	1523
15328464	MATCH	14	1	167
15328465	MATCH	31	1	1213
15328466	MATCH	13	2	209
15328467	MATCH	21	1	225
15328468	MATCH	93	2	744
15328469	MATCH	15	2	418
15328470	MATCH	22	2	315
15328471	MATCH	28	2	1396
15328472	MATCH	31	2	652
15328473	MATCH	42	2	1400
15328474	MATCH	35	2	1371
15328475	MATCH	34	1	687
15328476	MATCH	10	1	414
15328477	MATCH	63	1	686
15328478	MATCH	21	2	213
15328479	MATCH	21	1	237
15328480	MATCH	28	1	820
15328481	MATCH	87	1	1494
15328482	MATCH	29	1	410
15328483	MATCH	50	2	694
15328484	MATCH	72	2	1809
15328485	MATCH	100	1	6067
15328486	MATCH	16	1	488
15328487	MATCH	21	1	324
15328488	MATCH	16	1	778
15328489	MATCH	61	1	875
15328490	MATCH	11	1	208
15328491	MATCH	11	1	234
15328492	MATCH	39	2	428
15328493	MATCH	16	1	294
15328494	MATCH	39	2	428
15328495	MATCH	31	1	468
15328496	MATCH	71	1	599
15328497	MATCH	21	2	366
15328498	MATCH	26	1	561
15328499	MATCH	41	1	1495
15328500	MATCH	11	1	250
15328501	otherconfig	100	1	2083
15328502	MATCH	12	1	610
15328503	MATCH	20	2	783
15328504	MATCH	10	2	227
15328505	MATCH	12	2	542
15328506	MATCH	21	1	362
15328507	MATCH	16	1	323
15328508	MATCH	12	2	330
15328509	MATCH	11	1	358
15328510	MATCH	11	1	208
15328511	MATCH	67	1	843
15328512	MATCH	33	1	443
15328513	MATCH	51	1	703
15328514	MATCH	30	1	390
15328515	MATCH	62	1	637
15328516	MATCH	43	1	593
15328517	MATCH	37	1	477
15328518	MATCH	17	1	329
15328519	MATCH	17	1	329
15328520	MATCH	55	1	800
15328521	MATCH	67	1	843
15328522	MATCH	49	1	554
15328523	MATCH	27	1	409
15328524	MATCH	17	1	329
15328525	otherconfig	18	1	668
15328526	MATCH	10	1	218
15328527	MATCH	13	1	523
15328528	MATCH	10	1	275
15328529	MATCH	100	2	2387
15328530	MATCH	60	1	3599
15328531	MATCH	30	2	1422
15328532	MATCH	56	1	3698
15328533	MATCH	25	2	1417
15328534	MATCH	47	2	1761
15328535	MATCH	81	1	4191
15328536	MATCH	91	1	5055
15328537	MATCH	24	1	1171
15328538	MATCH	24	2	976
15328539	MATCH	63	1	1943
15328540	MATCH	37	1	1421
15328541	MATCH	56	2	2196
15328542	MATCH	21	2	802
15328543	MATCH	70	2	2772
15328544	MATCH	11	2	762
15328545	MATCH	100	2	4889
15328546	MATCH	100	2	201
15328547	MATCH	11	2	573
15328548	MATCH	11	2	560
15328549	MATCH	12	2	424
15328550	MATCH	10	2	642
15328551	MATCH	19	2	882
15328552	MATCH	100	2	4257
15328553	MATCH	28	1	819
15328554	MATCH	11	1	459
15328555	MATCH	43	1	485
15328556	MATCH	19	1	198
15328557	MATCH	67	2	1595
15328558	MATCH	29	1	410
15328559	MATCH	100	2	6066
15328560	MATCH	36	1	734
15328561	MATCH	61	2	1199
15328562	MATCH	58	1	1061
15328563	MATCH	0	2	3
15328564	MATCH	0	2	3
15328565	MATCH	0	2	3
15328566	MATCH	0	2	3
15328567	MATCH	0	2	3
15328568	MATCH	0	2	3
15328569	MATCH	0	2	3
15328570	MATCH	0	2	3
15328571	MATCH	0	2	3
15328572	MATCH	0	2	3
15328573	MATCH	17	1	232
15328574	MATCH	0	2	3
15328575	MATCH	16	1	731
15328576	MATCH	38	2	450
15328577	MATCH	11	1	235
15328578	MATCH	46	2	684
15328579	MATCH	44	2	699
15328580	MATCH	13	1	500
15328581	MATCH	100	1	3482
15328582	MATCH	17	1	223
15328583	MATCH	17	1	761
15328584	MATCH	17	1	121
15328585	MATCH	25	1	377
15328586	MATCH	21	1	291
15328587	MATCH	0	2	3
15328588	MATCH	0	2	3
15328589	MATCH	0	2	3
15328590	MATCH	21	1	686
15328591	MATCH	0	2	3
15328592	MATCH	0	2	3
15328593	MATCH	0	2	3
15328594	MATCH	0	2	3
15328595	MATCH	0	2	3
15328596	MATCH	0	2	3
15328597	MATCH	48	2	454
15328598	MATCH	0	2	3
15328599	MATCH	0	2	3
15328600	MATCH	0	2	3
15328601	MATCH	21	1	220
15328602	MATCH	0	2	3
15328603	MATCH	48	2	454
15328604	MATCH	35	2	534
15328605	MATCH	25	1	344
15328606	otherconfig	53	2	2362
15328607	MATCH	28	1	819
15328608	MATCH	40	1	639
15328609	MATCH	10	1	418
15328610	MATCH	24	1	373
15328611	MATCH	29	1	424
15328612	MATCH	67	2	1618
15328613	MATCH	100	2	6029
15328614	MATCH	68	1	1051
15328615	MATCH	52	1	1802
15328616	MATCH	15	1	421
15328617	MATCH	17	1	563
15328618	MATCH	100	2	4349
15328619	MATCH	29	1	296
15328620	MATCH	61	2	1199
15328621	MATCH	16	1	327
15328622	MATCH	17	1	173
15328623	MATCH	14	1	164
15328624	MATCH	11	1	406
15328625	MATCH	12	1	507
15328626	MATCH	24	1	317
15328627	MATCH	16	1	386
15328628	MATCH	57	1	783
15328629	MATCH	9	1	266
15328630	MATCH	24	1	317
15328631	MATCH	9	1	297
15328632	MATCH	23	1	208
15328633	MATCH	22	1	391
15328634	MATCH	14	1	163
15328635	MATCH	15	1	318
15328636	MATCH	35	1	733
15328637	MATCH	24	1	317
15328638	MATCH	17	1	198
15328639	MATCH	28	1	318
15328640	MATCH	17	1	173
15328641	MATCH	34	1	676
15328642	MATCH	14	1	222
15328643	MATCH	36	2	870
15328644	MATCH	37	1	729
15328645	MATCH	37	2	972
15328646	MATCH	6	2	211
15328647	MATCH	6	2	409
15328648	MATCH	23	1	519
15328649	MATCH	5	2	616
15328650	MATCH	5	2	616
15328651	MATCH	6	2	595
15328652	MATCH	37	2	900
15328653	MATCH	5	2	529
15328654	MATCH	32	1	1486
15328655	MATCH	28	1	389
15328656	otherconfig	14	1	554
15328657	MATCH	25	1	1136
15328658	MATCH	21	1	351
15328659	MATCH	91	2	3476
15328660	MATCH	19	1	278
15328661	MATCH	100	1	425
15328662	MATCH	17	1	291
15328663	MATCH	100	1	204
15328664	MATCH	23	2	519
15328665	MATCH	100	1	847
15328666	MATCH	25	1	375
15328667	MATCH	32	2	265
15328668	MATCH	17	2	329
15328669	MATCH	100	1	1211
15328670	MATCH	11	1	221
15328671	MATCH	100	1	870
15328672	MATCH	16	2	313
15328673	MATCH	100	1	1083
15328674	MATCH	16	2	313
15328675	MATCH	100	1	523
15328676	MATCH	100	1	1109
15328677	MATCH	59	2	565
15328678	MATCH	100	2	884
15328679	MATCH	36	2	977
15328680	MATCH	8	1	765
15328681	MATCH	42	1	2183
15328682	MATCH	9	1	425
15328683	MATCH	10	1	337
15328684	MATCH	15	1	374
15328685	MATCH	49	1	698
15328686	MATCH	9	1	266
15328687	MATCH	9	1	297
15328688	MATCH	28	1	901
15328689	MATCH	30	2	953
15328690	MATCH	24	2	986
15328691	MATCH	75	1	668
15328692	MATCH	43	2	2243
15328693	MATCH	28	1	378
15328694	MATCH	24	1	560
15328695	MATCH	31	1	527
15328696	MATCH	36	1	628
15328697	MATCH	29	1	351
15328698	MATCH	36	1	628
15328699	MATCH	42	2	980
15328700	MATCH	35	1	536
15328701	MATCH	36	1	628
15328702	MATCH	42	2	979
15328703	MATCH	16	2	652
15328704	MATCH	33	1	566
15328705	MATCH	24	1	560
15328706	MATCH	100	2	10903
15328707	MATCH	24	1	560
15328708	MATCH	100	1	964
15328709	MATCH	28	1	389
15328710	MATCH	13	2	638
15328711	MATCH	5	1	616
15328712	MATCH	30	1	348
15328713	otherconfig	44	2	1168
15328714	MATCH	54	2	2549
15328715	MATCH	42	2	979
15328716	MATCH	4	2	351
15328717	MATCH	4	2	261
15328718	MATCH	4	2	11
15328719	MATCH	29	1	1285
15328720	MATCH	4	2	343
15328721	MATCH	100	2	4421
15328722	MATCH	12	2	1127
15328723	MATCH	45	1	2902
15328724	MATCH	16	2	993
15328725	MATCH	14	2	965
15328726	MATCH	100	1	1020
15328727	MATCH	13	2	608
15328728	MATCH	36	1	1159
15328729	MATCH	56	2	3331
15328730	MATCH	100	1	973
15328731	MATCH	24	2	622
15328732	MATCH	29	2	592
15328733	MATCH	100	2	1189
15328734	MATCH	64	2	1558
15328735	MATCH	60	2	1570
15328736	MATCH	100	2	1035
15328737	MATCH	100	2	3468
15328738	MATCH	72	1	2782
15328739	MATCH	22	1	643
15328740	MATCH	76	2	1575
15328741	MATCH	21	2	594
15328742	MATCH	100	2	3637
15328743	MATCH	100	2	3057
15328744	otherconfig	62	1	1886
15328745	MATCH	26	1	764
15328746	MATCH	22	1	260
15328747	MATCH	25	1	299
15328748	MATCH	22	1	490
15328749	MATCH	9	1	133
15328750	MATCH	10	1	410
15328751	MATCH	13	1	214
15328752	MATCH	30	1	590
15328753	MATCH	10	1	227
15328754	MATCH	25	1	401
15328755	MATCH	26	2	466
15328756	MATCH	29	1	492
15328757	MATCH	30	1	589
15328758	MATCH	31	1	501
15328759	MATCH	28	1	416
15328760	MATCH	31	1	501
15328761	MATCH	23	1	340
15328762	MATCH	31	1	501
15328763	MATCH	29	1	525
15328764	MATCH	30	2	536
15328765	MATCH	17	1	148
15328766	MATCH	42	1	507
15328767	MATCH	22	1	255
15328768	MATCH	26	1	213
15328769	MATCH	26	1	321
15328770	MATCH	31	1	306
15328771	MATCH	31	1	362
15328772	MATCH	37	1	589
15328773	MATCH	34	2	680
15328774	MATCH	36	1	336
15328775	MATCH	31	1	362
15328776	MATCH	31	1	250
15328777	MATCH	31	1	362
15328778	MATCH	66	1	560
15328779	MATCH	30	2	413
15328780	MATCH	22	1	346
15328781	MATCH	14	1	488
15328782	MATCH	25	1	1122
15328783	MATCH	29	1	296
15328784	MATCH	29	1	296
15328785	MATCH	14	1	222
15328786	MATCH	17	1	198
15328787	MATCH	24	1	317
15328788	MATCH	25	1	219
15328789	MATCH	21	2	176
15328790	MATCH	24	1	317
15328791	MATCH	14	1	163
15328792	MATCH	24	1	317
15328793	MATCH	25	1	259
15328794	MATCH	15	1	318
15328795	MATCH	25	2	257
15328796	MATCH	17	1	173
15328797	MATCH	19	1	964
15328798	MATCH	13	1	408
15328799	MATCH	13	1	689
15328800	MATCH	32	1	265
15328801	MATCH	19	1	276
15328802	MATCH	18	2	301
15328803	MATCH	25	1	351
15328804	MATCH	25	2	484
15328805	MATCH	41	2	578
15328806	MATCH	29	2	417
15328807	MATCH	13	1	247
15328808	otherconfig	28	1	904
15328809	MATCH	13	1	346
15328810	MATCH	11	1	388
15328811	MATCH	21	1	129
15328812	MATCH	16	1	236
15328813	MATCH	14	1	222
15328814	MATCH	18	1	225
15328815	MATCH	27	1	324
15328816	MATCH	23	1	236
15328817	MATCH	14	1	162
15328818	MATCH	21	2	260
15328819	MATCH	27	1	324
15328820	MATCH	15	1	318
15328821	MATCH	25	1	257
15328822	MATCH	19	1	964
15328823	MATCH	32	1	265
15328824	MATCH	19	1	964
15328825	MATCH	36	2	424
15328826	MATCH	13	1	247
15328827	MATCH	41	2	578
15328828	MATCH	32	1	265
15328829	MATCH	29	2	417
15328830	MATCH	38	1	1363
15328831	MATCH	13	1	350
15328832	MATCH	51	1	657
15328833	MATCH	19	1	1138
15328834	MATCH	36	2	424
15328835	MATCH	25	1	351
15328836	MATCH	19	1	337
15328837	MATCH	13	1	247
15328838	MATCH	18	2	301
15328839	MATCH	19	1	547
15328840	MATCH	41	2	578
15328841	MATCH	29	2	417
15328842	MATCH	13	1	687
15328843	MATCH	19	1	325
15328844	MATCH	36	2	424
15328845	MATCH	18	2	301
15328846	MATCH	45	2	1347
15328847	otherconfig	32	1	1113
15328848	MATCH	15	1	421
15328849	MATCH	25	1	1122
15328850	MATCH	20	1	254
15328851	MATCH	22	1	203
15328852	MATCH	14	1	222
15328853	MATCH	18	1	225
15328854	MATCH	17	1	173
15328855	MATCH	22	1	156
15328856	MATCH	15	1	164
15328857	MATCH	23	2	185
15328858	MATCH	26	1	321
15328859	MATCH	31	1	300
15328860	MATCH	63	2	2242
15328861	MATCH	17	1	542
15328862	MATCH	22	1	1094
15328863	MATCH	100	2	1817
15328864	MATCH	17	1	189
15328865	MATCH	59	2	1128
15328866	MATCH	17	1	121
15328867	MATCH	23	1	1256
15328868	MATCH	29	1	453
15328869	MATCH	61	2	715
15328870	MATCH	29	1	484
15328871	MATCH	26	1	383
15328872	MATCH	30	1	419
15328873	MATCH	15	1	440
15328874	MATCH	18	2	232
15328875	MATCH	29	2	349
15328876	MATCH	23	2	355
15328877	MATCH	11	1	320
15328878	MATCH	21	1	178
15328879	MATCH	18	1	229
15328880	MATCH	22	1	212
15328881	MATCH	24	1	214
15328882	MATCH	26	1	274
15328883	MATCH	30	1	259
15328884	MATCH	42	1	856
15328885	MATCH	26	1	274
15328886	MATCH	35	1	208
15328887	MATCH	22	1	247
15328888	MATCH	35	1	394
15328889	MATCH	28	1	276
15328890	MATCH	20	2	258
15328891	MATCH	24	2	324
15328892	MATCH	61	2	1597
15328893	MATCH	20	1	286
15328894	MATCH	49	1	288
15328895	MATCH	28	1	247
15328896	MATCH	23	1	288
15328897	MATCH	20	2	253
15328898	MATCH	26	1	274
15328899	MATCH	26	2	241
15328900	MATCH	51	2	735
15328901	MATCH	24	1	286
15328902	MATCH	18	1	224
15328903	MATCH	70	1	1695
15328904	MATCH	13	1	194
15328905	MATCH	21	1	209
15328906	MATCH	35	1	334
15328907	MATCH	42	1	430
15328908	MATCH	38	2	457
15328909	MATCH	21	1	286
15328910	MATCH	21	1	291
15328911	MATCH	56	1	559
15328912	MATCH	49	1	543
15328913	MATCH	63	1	650
15328914	MATCH	56	1	637
15328915	MATCH	52	2	515
15328916	MATCH	56	1	563
15328917	MATCH	42	1	501
15328918	MATCH	11	1	358
15328919	MATCH	37	1	462
15328920	MATCH	40	2	477
15328921	MATCH	23	1	335
15328922	MATCH	20	2	262
15328923	MATCH	27	1	409
15328924	MATCH	17	1	329
15328925	MATCH	51	1	703
15328926	MATCH	43	1	593
15328927	MATCH	42	2	505
15328928	MATCH	55	1	800
15328929	MATCH	36	2	363
15328930	MATCH	62	1	637
15328931	MATCH	17	1	329
15328932	MATCH	17	1	329
15328933	MATCH	37	2	761
15328934	MATCH	67	1	843
15328935	MATCH	15	1	470
15328936	MATCH	51	1	2611
15328937	MATCH	24	1	682
15328938	MATCH	18	1	558
15328939	MATCH	31	2	1080
15328940	MATCH	24	1	591
15328941	MATCH	20	2	600
15328942	MATCH	24	1	677
15328943	MATCH	64	1	2027
15328944	MATCH	17	2	381
15328945	MATCH	17	2	389
15328946	MATCH	30	1	1286
15328947	MATCH	21	1	558
15328948	MATCH	37	1	588
15328949	MATCH	35	1	647
15328950	MATCH	27	1	427
15328951	MATCH	46	1	729
15328952	MATCH	37	1	611
15328953	MATCH	34	1	533
15328954	MATCH	38	1	768
15328955	MATCH	31	2	457
15328956	MATCH	31	1	562
15328957	MATCH	35	1	561
15328958	MATCH	40	1	631
15328959	MATCH	33	1	529
15328960	MATCH	21	1	453
15328961	MATCH	27	1	427
15328962	otherconfig	30	1	1059
15328963	MATCH	11	1	861
15328964	MATCH	15	1	526
15328965	MATCH	13	1	595
15328966	MATCH	16	1	566
15328967	MATCH	21	1	808
15328968	MATCH	21	1	1230
15328969	MATCH	40	1	674
15328970	MATCH	31	1	2014
15328971	MATCH	16	1	1060
15328972	MATCH	29	2	303
15328973	MATCH	33	1	1812
15328974	MATCH	14	1	456
15328975	MATCH	36	2	462
15328976	MATCH	72	1	3540
15328977	MATCH	36	2	256
15328978	MATCH	44	1	875
15328979	otherconfig	73	1	4766
15328980	otherconfig	68	2	2318
15328981	MATCH	25	1	1359
15328982	MATCH	11	1	1387
15328983	MATCH	11	1	215
15328984	MATCH	16	1	298
15328985	MATCH	15	1	275
15328986	MATCH	26	1	281
15328987	MATCH	27	1	478
15328988	MATCH	13	2	165
15328989	MATCH	38	2	511
15328990	MATCH	20	1	575
15328991	MATCH	22	1	352
15328992	MATCH	22	1	366
15328993	MATCH	49	1	455
15328994	MATCH	22	1	366
15328995	MATCH	35	1	390
15328996	MATCH	56	1	561
15328997	MATCH	21	1	340
15328998	MATCH	21	1	416
15328999	MATCH	52	2	530
15329000	MATCH	20	2	262
15329001	MATCH	49	1	358
15329002	MATCH	56	1	570
15329003	MATCH	32	1	650
15329004	MATCH	35	1	383
15329005	MATCH	49	1	515
15329006	MATCH	56	1	563
15329007	MATCH	49	1	568
15329008	MATCH	70	1	826
15329009	MATCH	32	1	650
15329010	MATCH	42	1	452
15329011	MATCH	49	1	334
15329012	MATCH	21	1	289
15329013	MATCH	21	1	319
15329014	MATCH	56	1	558
15329015	MATCH	56	1	566
15329016	MATCH	49	1	572
15329017	MATCH	56	1	568
15329018	MATCH	21	1	319
15329019	MATCH	23	2	248
15329020	MATCH	56	1	667
15329021	MATCH	42	1	496
15329022	MATCH	21	2	234
15329023	MATCH	35	1	299
15329024	MATCH	29	2	454
15329025	MATCH	21	1	527
15329026	MATCH	28	1	318
15329027	MATCH	21	1	288
15329028	MATCH	42	1	412
15329029	MATCH	70	1	891
15329030	MATCH	21	1	249
15329031	MATCH	28	1	299
15329032	MATCH	20	2	264
15329033	MATCH	28	1	274
15329034	MATCH	28	1	794
15329035	MATCH	47	2	697
15329036	MATCH	24	2	371
15329037	MATCH	51	2	655
15329038	MATCH	49	1	485
15329039	MATCH	28	1	294
15329040	MATCH	63	1	683
15329041	MATCH	56	1	595
15329042	MATCH	84	1	1303
15329043	MATCH	14	1	145
15329044	MATCH	28	1	276
15329045	MATCH	28	1	281
15329046	MATCH	35	1	390
15329047	MATCH	56	1	669
15329048	MATCH	56	1	617
15329049	MATCH	42	1	500
15329050	MATCH	56	1	553
15329051	MATCH	23	2	262
15329052	MATCH	63	1	690
15329053	MATCH	56	1	569
15329054	MATCH	56	1	700
15329055	MATCH	23	2	244
15329056	MATCH	56	1	391
15329057	MATCH	42	1	296
15329058	MATCH	31	1	383
15329059	MATCH	32	2	450
15329060	MATCH	60	1	844
15329061	MATCH	35	1	522
15329062	MATCH	30	1	434
15329063	MATCH	76	2	1013
15329064	MATCH	62	1	698
15329065	MATCH	76	2	1013
15329066	MATCH	37	1	462
15329067	MATCH	49	1	488
15329068	MATCH	35	1	454
15329069	MATCH	49	1	587
15329070	MATCH	21	1	455
15329071	MATCH	21	1	278
15329072	MATCH	28	1	209
15329073	MATCH	49	1	593
15329074	MATCH	56	1	717
15329075	MATCH	56	1	593
15329076	MATCH	53	2	670
15329077	MATCH	46	2	462
15329078	MATCH	49	1	633
15329079	MATCH	20	2	259
15329080	MATCH	56	1	599
15329081	MATCH	0	2	3
15329082	MATCH	0	2	3
15329083	MATCH	0	2	3
15329084	MATCH	42	1	394
15329085	MATCH	43	1	446
15329086	MATCH	56	1	538
15329087	MATCH	19	2	237
15329088	MATCH	35	1	325
15329089	MATCH	19	2	271
15329090	MATCH	63	1	360
15329091	MATCH	49	1	477
15329092	MATCH	25	2	238
15329093	MATCH	28	1	301
15329094	MATCH	100	2	1051
15329095	MATCH	31	1	309
15329096	MATCH	17	1	268
15329097	MATCH	12	1	771
15329098	MATCH	100	1	3284
15329099	MATCH	16	1	310
15329100	MATCH	17	1	576
15329101	MATCH	37	1	800
15329102	MATCH	49	1	683
15329103	MATCH	36	1	573
15329104	MATCH	27	1	409
15329105	MATCH	62	1	552
15329106	MATCH	100	1	697
15329107	MATCH	43	1	539
15329108	MATCH	42	1	687
15329109	MATCH	56	2	573
15329110	MATCH	27	1	659
15329111	MATCH	17	1	329
15329112	MATCH	41	2	402
15329113	MATCH	17	1	329
15329114	MATCH	66	2	658
15329115	MATCH	30	1	398
15329116	MATCH	37	2	1136
15329117	MATCH	15	2	1048
15329118	MATCH	17	1	329
15329119	MATCH	36	1	377
15329120	MATCH	51	2	840
15329121	MATCH	100	2	1688
15329122	MATCH	8	1	242
15329123	MATCH	31	1	673
15329124	MATCH	34	2	630
15329125	MATCH	100	1	1941
15329126	MATCH	14	2	1623
15329127	MATCH	30	1	447
15329128	MATCH	100	2	1711
15329129	MATCH	13	2	1051
15329130	MATCH	15	2	1048
15329131	MATCH	14	2	1053
15329132	otherconfig	46	1	1671
15329133	MATCH	21	2	740
15329134	MATCH	19	2	2163
15329135	MATCH	26	2	535
15329136	MATCH	22	2	1384
15329137	MATCH	18	1	453
15329138	MATCH	7	1	230
15329139	MATCH	11	1	1375
15329140	MATCH	56	1	2610
15329141	MATCH	11	1	351
15329142	MATCH	28	1	264
15329143	MATCH	14	1	332
15329144	MATCH	42	1	418
15329145	MATCH	15	1	360
15329146	MATCH	56	1	714
15329147	MATCH	22	1	352
15329148	MATCH	55	2	552
15329149	MATCH	21	1	291
15329150	MATCH	57	1	830
15329151	MATCH	17	2	168
15329152	MATCH	42	1	386
15329153	MATCH	52	2	627
15329154	MATCH	19	2	231
15329155	MATCH	35	1	368
15329156	MATCH	28	2	270
15329157	otherconfig	19	1	776
15329158	MATCH	38	2	501
15329159	MATCH	25	1	411
15329160	MATCH	42	1	1938
15329161	MATCH	21	1	256
15329162	MATCH	42	1	490
15329163	MATCH	31	1	383
15329164	MATCH	21	1	203
15329165	MATCH	42	1	498
15329166	MATCH	49	1	521
15329167	MATCH	51	1	840
15329168	MATCH	56	1	577
15329169	MATCH	62	1	698
15329170	MATCH	62	1	637
15329171	MATCH	49	1	668
15329172	MATCH	17	1	329
15329173	MATCH	35	1	272
15329174	MATCH	43	1	593
15329175	MATCH	21	1	292
15329176	MATCH	56	2	796
15329177	MATCH	47	2	495
15329178	MATCH	17	1	329
15329179	MATCH	42	1	519
15329180	MATCH	36	2	457
15329181	MATCH	42	1	435
15329182	MATCH	53	2	942
15329183	MATCH	20	2	253
15329184	MATCH	28	1	282
15329185	MATCH	63	1	807
15329186	MATCH	30	1	447
15329187	MATCH	92	1	1278
15329188	MATCH	51	1	774
15329189	MATCH	13	1	254
15329190	MATCH	70	1	1149
15329191	MATCH	64	2	836
15329192	MATCH	47	2	645
15329193	MATCH	62	2	588
15329194	MATCH	46	2	378
15329195	MATCH	100	1	1955
15329196	MATCH	25	2	1036
15329197	MATCH	11	2	1479
15329198	MATCH	77	1	803
15329199	MATCH	44	2	3138
15329200	MATCH	15	2	277
15329201	MATCH	22	2	1384
15329202	MATCH	36	1	244
15329203	MATCH	100	2	8437
15329204	MATCH	20	1	181
15329205	MATCH	80	1	5575
15329206	MATCH	100	2	812
15329207	MATCH	13	1	165
15329208	MATCH	64	2	806
15329209	MATCH	47	2	508
15329210	MATCH	44	1	539
15329211	MATCH	44	1	539
15329212	MATCH	42	2	352
15329213	MATCH	44	1	539
15329214	MATCH	100	2	1010
15329215	MATCH	26	1	575
15329216	MATCH	100	1	390
15329217	MATCH	100	2	1010
15329218	MATCH	100	2	1043
15329219	MATCH	100	1	743
15329220	MATCH	100	1	2855
15329221	MATCH	100	1	550
15329222	MATCH	60	2	1242
15329223	MATCH	100	1	5799
15329224	MATCH	39	1	454
15329225	MATCH	4	2	31
15329226	MATCH	3	2	160
15329227	MATCH	2	2	7
15329228	MATCH	4	2	112
15329229	MATCH	3	2	18
15329230	MATCH	3	2	159
15329231	MATCH	83	1	794
15329232	MATCH	28	1	406
15329233	MATCH	42	1	499
15329234	MATCH	41	2	369
15329235	MATCH	22	1	359
15329236	MATCH	41	2	369
15329237	MATCH	9	1	917
15329238	MATCH	12	1	276
15329239	MATCH	10	1	232
15329240	MATCH	14	1	237
15329241	MATCH	31	1	386
15329242	MATCH	25	2	403
15329243	MATCH	83	1	794
15329244	MATCH	56	1	562
15329245	MATCH	49	1	347
15329246	MATCH	27	1	459
15329247	MATCH	41	2	369
15329248	MATCH	42	1	499
15329249	MATCH	23	1	549
15329250	MATCH	31	1	641
15329251	MATCH	41	2	369
15329252	MATCH	18	2	179
15329253	MATCH	23	2	287
15329254	MATCH	51	2	539
15329255	MATCH	27	1	568
15329256	MATCH	100	1	956
15329257	MATCH	32	2	296
15329258	MATCH	100	1	912
15329259	MATCH	56	2	605
15329260	MATCH	50	2	561
15329261	MATCH	27	1	459
15329262	MATCH	51	2	670
15329263	MATCH	100	2	3892
15329264	MATCH	40	1	443
15329265	MATCH	21	1	240
15329266	MATCH	21	1	531
15329267	MATCH	14	1	519
15329268	MATCH	35	1	567
15329269	MATCH	21	1	214
15329270	MATCH	23	1	351
15329271	MATCH	24	1	365
15329272	MATCH	24	1	562
15329273	MATCH	65	1	780
15329274	MATCH	73	2	1031
15329275	MATCH	44	2	488
15329276	MATCH	50	1	693
15329277	MATCH	43	2	1759
15329278	MATCH	47	2	438
15329279	MATCH	50	1	693
15329280	MATCH	56	2	1580
15329281	MATCH	31	1	526
15329282	MATCH	51	2	2741
15329283	MATCH	24	1	562
15329284	MATCH	64	1	736
15329285	MATCH	36	1	581
15329286	MATCH	33	1	613
15329287	MATCH	41	2	851
15329288	MATCH	30	1	452
15329289	MATCH	16	1	953
15329290	MATCH	12	1	440
15329291	MATCH	18	1	454
15329292	MATCH	9	1	266
15329293	MATCH	51	2	2741
15329294	MATCH	100	1	4462
15329295	MATCH	100	2	4682
15329296	MATCH	100	1	4877
15329297	MATCH	100	2	4553
15329298	MATCH	100	1	7379
15329299	MATCH	26	1	535
15329300	MATCH	8	1	439
15329301	MATCH	26	1	637
15329302	MATCH	11	1	234
15329303	MATCH	14	1	377
15329304	MATCH	9	1	183
15329305	MATCH	13	1	317
15329306	MATCH	32	1	294
15329307	MATCH	11	1	462
15329308	MATCH	16	1	220
15329309	MATCH	11	1	137
15329310	MATCH	53	2	551
15329311	MATCH	78	2	2869
15329312	MATCH	11	1	81
15329313	MATCH	22	1	515
15329314	MATCH	62	2	3223
15329315	MATCH	35	2	532
15329316	MATCH	16	1	172
15329317	MATCH	43	2	489
15329318	MATCH	16	1	822
15329319	MATCH	23	1	593
15329320	MATCH	26	1	354
15329321	MATCH	24	1	435
15329322	MATCH	10	1	436
15329323	MATCH	24	1	251
15329324	MATCH	19	1	508
15329325	MATCH	23	1	660
15329326	MATCH	17	1	431
15329327	MATCH	9	1	266
15329328	MATCH	27	1	797
15329329	MATCH	21	1	508
15329330	MATCH	24	1	251
15329331	MATCH	33	1	495
15329332	MATCH	24	1	251
15329333	MATCH	33	2	808
15329334	MATCH	27	1	568
15329335	MATCH	36	1	681
15329336	MATCH	25	1	373
15329337	MATCH	29	1	371
15329338	MATCH	27	1	568
15329339	MATCH	26	1	449
15329340	MATCH	40	1	671
15329341	MATCH	24	1	328
15329342	MATCH	28	1	387
15329343	MATCH	16	1	334
15329344	MATCH	29	1	478
15329345	MATCH	81	1	996
15329346	MATCH	44	1	526
15329347	MATCH	72	1	825
15329348	MATCH	10	1	421
15329349	MATCH	52	2	1012
15329350	MATCH	22	1	282
15329351	MATCH	81	2	1222
15329352	MATCH	25	2	403
15329353	MATCH	35	1	583
15329354	MATCH	81	2	1222
15329355	MATCH	54	2	700
15329356	MATCH	36	1	910
15329357	MATCH	31	1	641
15329358	MATCH	26	1	774
15329359	MATCH	100	2	983
15329360	MATCH	16	1	395
15329361	otherconfig	42	2	2319
15329362	MATCH	30	2	839
15329363	MATCH	29	1	570
15329364	MATCH	16	1	976
15329365	MATCH	25	1	3196
15329366	MATCH	62	2	555
15329367	MATCH	24	1	941
15329368	MATCH	23	2	788
15329369	MATCH	75	1	4375
15329370	MATCH	30	2	839
15329371	MATCH	21	1	1073
15329372	MATCH	22	2	421
15329373	MATCH	10	1	612
15329374	MATCH	100	2	4168
15329375	MATCH	100	2	1864
15329376	MATCH	16	1	376
15329377	MATCH	73	1	1249
15329378	MATCH	71	1	1671
15329379	MATCH	51	2	548
15329380	MATCH	100	2	4667
15329381	MATCH	50	2	561
15329382	MATCH	47	2	2913
15329383	MATCH	96	2	6212
15329384	MATCH	60	2	759
15329385	MATCH	100	2	3164
15329386	MATCH	35	2	1852
15329387	MATCH	81	1	3445
15329388	MATCH	100	1	5788
15329389	MATCH	100	2	3560
15329390	otherconfig	10	1	1202
15329391	MATCH	100	1	5628
15329392	MATCH	6	1	293
15329393	MATCH	29	1	690
15329394	MATCH	100	2	8791
15329395	MATCH	23	1	351
15329396	otherconfig	34	1	1147
15329397	MATCH	26	1	347
15329398	MATCH	22	1	443
15329399	MATCH	16	1	1217
15329400	MATCH	13	1	191
15329401	MATCH	100	1	2769
15329402	MATCH	13	1	356
15329403	MATCH	100	1	2394
15329404	MATCH	9	1	437
15329405	MATCH	11	1	397
15329406	MATCH	32	2	582
15329407	MATCH	53	2	1585
15329408	MATCH	13	1	316
15329409	MATCH	9	1	266
15329410	MATCH	100	2	1401
15329411	MATCH	100	1	713
15329412	MATCH	100	2	2985
15329413	MATCH	100	1	1962
15329414	MATCH	100	1	1734
15329415	MATCH	25	2	488
15329416	MATCH	100	2	203
15329417	MATCH	24	1	562
15329418	MATCH	33	1	613
15329419	MATCH	100	2	2308
15329420	MATCH	30	1	452
15329421	MATCH	100	2	545
15329422	MATCH	25	2	488
15329423	MATCH	100	1	829
15329424	MATCH	38	1	724
15329425	MATCH	36	1	579
15329426	MATCH	44	1	465
15329427	MATCH	30	1	405
15329428	MATCH	36	1	581
15329429	MATCH	26	1	347
15329430	MATCH	11	2	443
15329431	MATCH	24	1	562
15329432	otherconfig	35	1	1347
15329433	MATCH	84	2	3531
15329434	MATCH	5	2	520
15329435	MATCH	14	1	1034
15329436	MATCH	5	2	588
15329437	MATCH	44	2	2041
15329438	MATCH	100	1	8573
15329439	MATCH	27	1	1274
15329440	MATCH	18	1	989
15329441	MATCH	100	1	562
15329442	MATCH	5	2	484
15329443	MATCH	33	1	846
15329444	MATCH	31	2	662
15329445	MATCH	39	1	2510
15329446	MATCH	64	1	4776
15329447	MATCH	100	1	217
15329448	MATCH	71	1	6064
15329449	MATCH	100	2	1404
15329450	MATCH	24	2	254
15329451	MATCH	71	1	6064
15329452	MATCH	100	2	862
15329453	MATCH	77	2	762
15329454	MATCH	100	1	1570
15329455	MATCH	29	2	425
15329456	MATCH	100	2	4173
15329457	MATCH	100	1	204
15329458	MATCH	5	2	529
15329459	MATCH	42	2	300
15329460	MATCH	7	1	129
15329461	MATCH	6	2	409
15329462	MATCH	5	2	616
15329463	MATCH	100	1	4422
15329464	MATCH	6	2	472
15329465	MATCH	32	2	239
15329466	MATCH	100	1	1666
15329467	MATCH	100	2	4173
15329468	MATCH	100	1	653
15329469	MATCH	100	1	201
15329470	MATCH	81	2	759
15329471	MATCH	9	2	59
15329472	MATCH	63	2	600
15329473	MATCH	100	1	4434
15329474	MATCH	46	1	342
15329475	MATCH	100	2	1219
15329476	MATCH	63	2	600
15329477	MATCH	100	2	1416
15329478	MATCH	100	1	2076
15329479	MATCH	100	1	203
15329480	MATCH	38	1	460
15329481	MATCH	11	1	464
15329482	MATCH	46	2	645
15329483	MATCH	100	2	835
15329484	MATCH	30	1	369
15329485	MATCH	33	2	900
15329486	MATCH	32	1	675
15329487	MATCH	87	2	3381
15329488	MATCH	100	1	4168
15329489	MATCH	100	2	2148
15329490	MATCH	100	2	1591
15329491	MATCH	100	2	829
15329492	MATCH	100	2	984
15329493	MATCH	5	2	616
15329494	MATCH	6	2	472
15329495	MATCH	7	2	446
15329496	MATCH	100	2	201
15329497	MATCH	8	2	765
15329498	MATCH	7	2	648
15329499	MATCH	46	1	608
15329500	MATCH	28	1	870
15329501	MATCH	16	1	334
15329502	MATCH	29	1	523
15329503	MATCH	34	1	510
15329504	MATCH	25	1	823
15329505	MATCH	29	1	379
15329506	MATCH	12	1	527
15329507	MATCH	15	1	377
15329508	MATCH	100	1	3853
15329509	MATCH	18	1	414
15329510	otherconfig	13	1	546
15329511	MATCH	9	1	266
15329512	MATCH	32	2	844
15329513	MATCH	37	1	501
15329514	MATCH	21	2	215
15329515	MATCH	26	1	449
15329516	MATCH	20	1	157
15329517	MATCH	7	2	446
15329518	MATCH	11	1	109
15329519	MATCH	26	1	347
15329520	MATCH	6	2	385
15329521	MATCH	5	2	181
15329522	MATCH	59	1	1246
15329523	MATCH	24	1	562
15329524	MATCH	6	2	409
15329525	MATCH	24	1	328
15329526	MATCH	100	2	646
15329527	MATCH	72	1	1465
15329528	MATCH	33	1	613
15329529	MATCH	28	1	425
15329530	MATCH	21	2	519
15329531	MATCH	100	1	1948
15329532	MATCH	15	2	695
15329533	MATCH	37	1	839
15329534	MATCH	30	1	897
15329535	MATCH	100	1	869
15329536	MATCH	56	1	481
15329537	MATCH	25	1	356
15329538	MATCH	35	2	337
15329539	MATCH	29	2	444
15329540	MATCH	35	1	638
15329541	MATCH	100	2	4846
15329542	MATCH	32	1	616
15329543	MATCH	66	2	1313
15329544	MATCH	20	1	478
15329545	MATCH	9	2	105
15329546	MATCH	65	2	1374
15329547	MATCH	6	2	472
15329548	MATCH	27	1	797
15329549	MATCH	19	2	450
15329550	MATCH	9	1	77
15329551	MATCH	7	2	473
15329552	MATCH	7	2	591
15329553	MATCH	5	2	616
15329554	MATCH	39	2	1503
15329555	MATCH	30	1	452
15329556	MATCH	30	1	405
15329557	MATCH	56	2	1018
15329558	MATCH	23	2	583
15329559	MATCH	21	2	216
15329560	MATCH	9	2	474
15329561	MATCH	11	1	109
15329562	MATCH	9	2	477
15329563	MATCH	6	2	646
15329564	MATCH	8	2	789
15329565	MATCH	10	1	317
15329566	MATCH	11	1	560
15329567	MATCH	16	1	393
15329568	MATCH	9	1	266
15329569	MATCH	47	2	343
15329570	MATCH	100	2	630
15329571	MATCH	100	2	201
15329572	MATCH	100	1	201
15329573	MATCH	100	1	1108
15329574	MATCH	100	1	602
15329575	MATCH	53	2	345
15329576	MATCH	100	1	662
15329577	MATCH	65	2	699
15329578	MATCH	50	1	1692
15329579	MATCH	26	1	203
15329580	MATCH	25	1	1046
15329581	MATCH	80	1	1106
15329582	MATCH	36	2	594
15329583	MATCH	35	1	461
15329584	MATCH	37	1	605
15329585	MATCH	30	1	297
15329586	MATCH	100	2	1472
15329587	MATCH	50	2	699
15329588	MATCH	100	1	1072
15329589	MATCH	66	2	1109
15329590	MATCH	40	1	557
15329591	MATCH	40	1	557
15329592	MATCH	66	2	1109
15329593	otherconfig	100	2	5409
15329594	MATCH	55	1	764
15329595	MATCH	13	2	553
15329596	MATCH	53	2	2490
15329597	MATCH	100	1	869
15329598	MATCH	21	2	513
15329599	MATCH	0	2	3
15329600	MATCH	0	2	3
15329601	MATCH	30	1	1271
15329602	MATCH	23	1	429
15329603	MATCH	17	1	1296
15329604	MATCH	15	1	317
15329605	MATCH	44	1	853
15329606	MATCH	18	1	440
15329607	MATCH	64	1	1360
15329608	MATCH	24	1	560
15329609	MATCH	28	2	435
15329610	MATCH	24	1	560
15329611	MATCH	24	1	560
15329612	MATCH	80	2	1754
15329613	MATCH	36	1	615
15329614	MATCH	47	2	813
15329615	MATCH	29	2	450
15329616	MATCH	100	1	306
15329617	MATCH	35	1	1496
15329618	MATCH	49	1	2131
15329619	MATCH	16	1	666
15329620	MATCH	65	1	477
15329621	MATCH	28	1	284
15329622	MATCH	62	1	508
15329623	MATCH	30	1	383
15329624	MATCH	28	1	382
15329625	MATCH	22	1	298
15329626	MATCH	53	2	605
15329627	MATCH	56	1	722
15329628	MATCH	56	1	807
15329629	MATCH	19	1	743
15329630	MATCH	19	1	424
15329631	MATCH	13	1	884
15329632	MATCH	100	1	1593
15329633	MATCH	19	1	277
15329634	MATCH	46	2	413
15329635	MATCH	18	2	301
15329636	MATCH	61	2	866
15329637	MATCH	14	1	368
15329638	MATCH	23	1	1634
15329639	MATCH	45	2	413
15329640	MATCH	56	1	587
15329641	MATCH	71	2	6064
15329642	MATCH	42	1	747
15329643	MATCH	33	1	2049
15329644	MATCH	56	1	698
15329645	MATCH	16	1	1060
15329646	MATCH	52	1	457
15329647	MATCH	27	2	659
15329648	MATCH	46	2	2866
15329649	MATCH	21	1	215
15329650	MATCH	45	1	656
15329651	MATCH	32	1	1186
15329652	MATCH	39	2	457
15329653	MATCH	87	1	3381
15329654	MATCH	51	1	657
15329655	MATCH	26	2	357
15329656	MATCH	45	2	1347
15329657	MATCH	42	1	506
15329658	MATCH	21	2	129
15329659	MATCH	22	2	591
15329660	MATCH	100	2	758
15329661	MATCH	7	2	1193
15329662	MATCH	7	2	446
15329663	MATCH	8	2	103
15329664	MATCH	11	2	109
15329665	MATCH	77	2	5407
15329666	MATCH	100	2	201
15329667	MATCH	11	2	109
15329668	MATCH	41	1	904
15329669	MATCH	6	2	211
15329670	MATCH	100	1	201
15329671	MATCH	40	1	1299
15329672	MATCH	46	1	608
15329673	MATCH	39	2	523
15329674	MATCH	12	1	917
15329675	MATCH	13	1	425
15329676	MATCH	62	1	1197
15329677	MATCH	47	1	568
15329678	MATCH	16	1	365
15329679	MATCH	9	1	266
15329680	otherconfig	81	1	2971
15329681	MATCH	63	1	848
15329682	MATCH	20	1	478
15329683	MATCH	35	1	638
15329684	MATCH	25	1	823
15329685	MATCH	78	1	1457
15329686	MATCH	35	2	385
15329687	MATCH	63	1	794
15329688	MATCH	49	2	875
15329689	MATCH	51	2	623
15329690	MATCH	28	1	425
15329691	MATCH	26	1	449
15329692	MATCH	100	2	1139
15329693	MATCH	25	1	332
15329694	MATCH	24	1	328
15329695	MATCH	85	1	1984
15329696	MATCH	59	2	898
15329697	MATCH	72	1	2988
15329698	MATCH	32	1	887
15329699	MATCH	29	1	523
15329700	MATCH	29	1	379
15329701	MATCH	25	1	373
15329702	MATCH	27	1	797
15329703	MATCH	10	1	416
15329704	MATCH	60	1	792
15329705	MATCH	93	2	1512
15329706	MATCH	21	1	253
15329707	MATCH	22	1	491
15329708	MATCH	35	1	495
15329709	MATCH	42	1	1026
15329710	MATCH	100	1	1404
15329711	MATCH	93	2	1512
15329712	MATCH	100	2	4322
15329713	MATCH	30	1	839
15329714	MATCH	63	1	707
15329715	otherconfig	100	2	3024
15329716	MATCH	49	1	697
15329717	MATCH	43	1	511
15329718	MATCH	50	1	713
15329719	MATCH	42	1	757
15329720	MATCH	31	2	320
15329721	MATCH	56	1	668
15329722	MATCH	49	1	545
15329723	MATCH	28	1	197
15329724	MATCH	53	1	701
15329725	MATCH	56	1	1386
15329726	MATCH	53	1	715
15329727	MATCH	37	2	552
15329728	MATCH	31	1	741
15329729	MATCH	43	1	712
15329730	MATCH	56	1	738
15329731	MATCH	32	2	391
15329732	MATCH	49	1	673
15329733	MATCH	28	2	661
15329734	MATCH	51	1	707
15329735	MATCH	96	2	1515
15329736	MATCH	23	1	488
15329737	MATCH	11	1	634
15329738	MATCH	15	1	306
15329739	MATCH	13	1	260
15329740	MATCH	17	1	538
15329741	MATCH	18	1	440
15329742	MATCH	34	2	830
15329743	MATCH	24	2	511
15329744	MATCH	24	2	511
15329745	MATCH	100	1	1135
15329746	MATCH	80	1	1530
15329747	MATCH	100	2	2679
15329748	MATCH	66	2	1606
15329749	MATCH	32	1	865
15329750	MATCH	70	2	2606
15329751	MATCH	43	1	1094
15329752	MATCH	100	2	1701
15329753	otherconfig	34	1	1249
15329754	MATCH	59	2	1368
15329755	MATCH	45	1	911
15329756	MATCH	29	1	417
15329757	MATCH	56	1	623
15329758	MATCH	35	1	405
15329759	MATCH	21	1	288
15329760	MATCH	12	1	1416
15329761	MATCH	13	1	178
15329762	MATCH	57	1	740
15329763	MATCH	35	1	465
15329764	MATCH	12	1	378
15329765	MATCH	22	1	238
15329766	MATCH	56	1	599
15329767	MATCH	30	1	690
15329768	MATCH	15	1	219
15329769	MATCH	49	1	555
15329770	MATCH	67	1	784
15329771	MATCH	16	2	251
15329772	MATCH	52	1	377
15329773	MATCH	36	2	485
15329774	MATCH	33	2	533
15329775	MATCH	71	2	814
15329776	MATCH	54	2	1074
15329777	MATCH	25	2	270
15329778	MATCH	62	1	605
15329779	MATCH	28	1	424
15329780	MATCH	33	2	469
15329781	MATCH	21	1	580
15329782	MATCH	56	1	673
15329783	otherconfig	23	2	878
15329784	MATCH	20	1	266
15329785	MATCH	32	2	589
15329786	MATCH	21	2	1091
15329787	MATCH	18	1	2131
15329788	MATCH	47	2	478
15329789	MATCH	22	2	826
15329790	MATCH	14	1	653
15329791	MATCH	15	1	890
15329792	MATCH	30	1	1720
15329793	MATCH	24	1	1151
15329794	MATCH	13	1	706
15329795	MATCH	14	2	505
15329796	MATCH	10	1	487
15329797	MATCH	15	1	596
15329798	MATCH	73	2	2684
15329799	MATCH	22	2	966
15329800	MATCH	53	1	1011
15329801	MATCH	0	2	3
15329802	MATCH	0	2	3
15329803	MATCH	44	1	1665
15329804	MATCH	0	2	3
15329805	MATCH	28	2	335
15329806	MATCH	22	2	829
15329807	MATCH	0	2	3
15329808	MATCH	0	2	3
15329809	MATCH	77	1	3952
15329810	MATCH	0	2	3
15329811	MATCH	40	1	473
15329812	MATCH	100	2	2521
15329813	MATCH	15	2	251
15329814	MATCH	62	1	864
15329815	MATCH	33	2	1079
15329816	MATCH	42	1	465
15329817	MATCH	48	1	313
15329818	MATCH	76	1	818
15329819	MATCH	25	2	403
15329820	MATCH	76	2	830
15329821	MATCH	18	1	218
15329822	MATCH	25	2	403
15329823	MATCH	42	1	297
15329824	MATCH	13	1	620
15329825	MATCH	27	2	1478
15329826	MATCH	30	2	673
15329827	MATCH	66	1	1292
15329828	MATCH	31	1	506
15329829	MATCH	57	2	519
15329830	MATCH	9	1	506
15329831	MATCH	18	1	598
15329832	MATCH	21	2	726
15329833	MATCH	27	2	436
15329834	MATCH	38	1	1177
15329835	MATCH	17	1	226
15329836	MATCH	39	2	1030
15329837	MATCH	19	1	952
15329838	MATCH	21	1	286
15329839	MATCH	14	2	505
15329840	MATCH	26	1	1720
15329841	MATCH	22	2	2336
15329842	MATCH	35	1	461
15329843	MATCH	17	2	821
15329844	MATCH	6	1	211
15329845	MATCH	35	1	373
15329846	MATCH	42	1	411
15329847	MATCH	28	1	309
15329848	MATCH	28	1	303
15329849	MATCH	42	1	521
15329850	MATCH	56	1	648
15329851	MATCH	56	1	1627
15329852	MATCH	14	1	1106
15329853	MATCH	29	1	324
15329854	MATCH	9	1	302
15329855	MATCH	78	2	1250
15329856	MATCH	26	1	588
15329857	MATCH	17	1	462
15329858	MATCH	42	1	475
15329859	MATCH	31	1	457
15329860	MATCH	9	2	41
15329861	MATCH	38	2	477
15329862	MATCH	9	2	224
15329863	MATCH	32	2	750
15329864	MATCH	18	1	810
15329865	MATCH	39	1	1209
15329866	MATCH	20	1	147
15329867	MATCH	16	2	251
15329868	MATCH	100	2	8246
15329869	MATCH	32	2	643
15329870	MATCH	7	2	44
15329871	MATCH	100	1	1723
15329872	MATCH	21	1	173
15329873	MATCH	26	1	319
15329874	MATCH	9	2	300
15329875	MATCH	23	1	1373
15329876	MATCH	16	1	138
15329877	MATCH	31	1	644
15329878	MATCH	25	2	363
15329879	MATCH	26	1	294
15329880	MATCH	49	1	820
15329881	MATCH	64	1	1325
15329882	MATCH	51	1	707
15329883	MATCH	63	1	1299
15329884	MATCH	46	1	736
15329885	MATCH	21	1	250
15329886	MATCH	31	2	257
15329887	MATCH	30	1	460
15329888	MATCH	100	1	5416
15329889	MATCH	21	1	207
15329890	MATCH	56	2	622
15329891	MATCH	56	1	1045
15329892	MATCH	41	1	814
15329893	MATCH	67	1	1894
15329894	otherconfig	12	1	537
15329895	MATCH	30	1	493
15329896	MATCH	10	1	341
15329897	MATCH	9	1	379
15329898	MATCH	18	1	387
15329899	MATCH	9	1	266
15329900	MATCH	17	1	419
15329901	MATCH	23	1	660
15329902	MATCH	63	1	848
15329903	MATCH	31	1	449
15329904	MATCH	20	1	478
15329905	MATCH	25	1	373
15329906	MATCH	35	1	1191
15329907	MATCH	42	1	382
15329908	MATCH	56	1	474
15329909	MATCH	56	1	638
15329910	MATCH	42	1	544
15329911	MATCH	56	1	688
15329912	MATCH	56	1	700
15329913	MATCH	53	1	987
15329914	MATCH	42	2	1230
15329915	MATCH	24	1	328
15329916	MATCH	53	2	833
15329917	MATCH	26	1	449
15329918	MATCH	31	2	810
15329919	MATCH	21	1	301
15329920	MATCH	56	2	803
15329921	MATCH	42	1	504
15329922	MATCH	31	2	519
15329923	MATCH	28	1	373
15329924	MATCH	31	2	383
15329925	MATCH	39	1	1209
15329926	MATCH	42	1	667
15329927	MATCH	35	1	440
15329928	MATCH	35	1	377
15329929	MATCH	21	1	241
15329930	MATCH	33	2	852
15329931	MATCH	56	1	705
15329932	MATCH	56	1	578
15329933	MATCH	42	1	490
15329934	MATCH	21	2	437
15329935	MATCH	10	1	608
15329936	MATCH	35	1	708
15329937	MATCH	19	2	857
15329938	MATCH	37	2	1700
15329939	MATCH	38	1	775
15329940	MATCH	70	1	902
15329941	MATCH	100	2	2319
15329942	MATCH	31	2	521
15329943	MATCH	7	1	418
15329944	MATCH	56	1	393
15329945	MATCH	28	1	400
15329946	MATCH	56	1	724
15329947	MATCH	49	1	1066
15329948	MATCH	28	1	268
15329949	MATCH	61	2	769
15329950	MATCH	48	2	864
15329951	MATCH	62	2	774
15329952	MATCH	21	1	239
15329953	MATCH	100	2	1380
15329954	MATCH	28	1	445
15329955	MATCH	17	1	397
15329956	MATCH	56	1	1035
15329957	MATCH	56	1	898
15329958	MATCH	35	1	666
15329959	MATCH	44	2	1604
15329960	MATCH	63	2	711
15329961	MATCH	56	1	775
15329962	MATCH	21	1	613
15329963	MATCH	25	2	947
15329964	MATCH	35	1	1237
15329965	MATCH	56	1	785
15329966	MATCH	28	1	603
15329967	MATCH	43	1	610
15329968	MATCH	62	2	847
15329969	MATCH	34	2	827
15329970	MATCH	100	1	5791
15329971	MATCH	75	2	600
15329972	MATCH	49	1	2454
15329973	MATCH	63	1	3670
15329974	MATCH	100	2	1311
15329975	MATCH	56	1	2621
15329976	MATCH	21	1	101
15329977	MATCH	57	2	2562
15329978	MATCH	56	1	1687
15329979	MATCH	71	1	2945
15329980	MATCH	70	1	3338
15329981	MATCH	25	2	815
15329982	MATCH	6	1	258
15329983	MATCH	15	1	417
15329984	MATCH	100	2	2271
15329985	MATCH	8	1	243
15329986	MATCH	100	2	1958
15329987	MATCH	14	1	405
15329988	MATCH	7	1	418
15329989	MATCH	6	1	503
15329990	MATCH	49	1	2481
15329991	MATCH	10	1	592
15329992	MATCH	27	1	340
15329993	MATCH	39	2	1767
15329994	MATCH	47	2	1989
15329995	MATCH	70	1	2962
15329996	MATCH	57	1	1942
15329997	MATCH	31	1	815
15329998	MATCH	100	2	910
15329999	MATCH	100	1	7798
15330000	MATCH	100	2	1237
15330001	MATCH	18	1	123
15330002	MATCH	43	2	1419
15330003	MATCH	56	1	3251
15330004	MATCH	50	2	538
15330005	MATCH	56	1	2524
15330006	MATCH	9	1	197
15330007	MATCH	12	1	1004
15330008	MATCH	63	1	2473
15330009	MATCH	12	1	381
15330010	MATCH	33	1	1642
15330011	MATCH	16	1	464
15330012	MATCH	61	2	2119
15330013	MATCH	35	1	832
15330014	MATCH	30	1	431
15330015	MATCH	49	1	1366
15330016	MATCH	11	1	265
15330017	MATCH	21	1	559
15330018	MATCH	100	2	1589
15330019	MATCH	41	2	822
15330020	MATCH	77	2	691
15330021	MATCH	12	1	447
15330022	MATCH	28	1	804
15330023	MATCH	100	2	1237
15330024	otherconfig	22	1	747
15330025	MATCH	29	2	571
15330026	MATCH	49	1	521
15330027	MATCH	63	1	590
15330028	MATCH	42	1	472
15330029	MATCH	100	2	5212
15330030	MATCH	28	1	400
15330031	MATCH	18	1	919
15330032	MATCH	24	1	710
15330033	MATCH	46	2	668
15330034	MATCH	18	1	253
15330035	MATCH	24	1	443
15330036	MATCH	84	2	386
15330037	MATCH	23	2	252
15330038	MATCH	28	1	376
15330039	MATCH	31	1	815
15330040	MATCH	34	1	1798
15330041	MATCH	33	2	744
15330042	MATCH	51	1	546
15330043	MATCH	57	1	677
15330044	MATCH	49	1	548
15330045	MATCH	62	2	4161
15330046	MATCH	47	2	681
15330047	MATCH	47	2	698
15330048	MATCH	59	2	1079
15330049	MATCH	51	2	413
15330050	MATCH	17	1	393
15330051	MATCH	100	2	203
15330052	MATCH	42	1	504
15330053	MATCH	100	2	1961
15330054	MATCH	56	1	694
15330055	MATCH	42	1	507
15330056	MATCH	35	1	366
15330057	MATCH	17	1	967
15330058	MATCH	35	1	421
15330059	MATCH	63	1	771
15330060	MATCH	49	1	613
15330061	MATCH	100	2	408
15330062	MATCH	55	1	465
15330063	MATCH	17	2	290
15330064	MATCH	23	1	1108
15330065	MATCH	15	1	1424
15330066	MATCH	17	1	916
15330067	MATCH	17	1	451
15330068	MATCH	15	2	722
15330069	MATCH	18	2	380
15330070	MATCH	100	1	1481
15330071	MATCH	19	2	744
15330072	MATCH	20	1	205
15330073	MATCH	100	1	2506
15330074	MATCH	51	1	473
15330075	MATCH	35	1	614
15330076	MATCH	100	2	9068
15330077	MATCH	46	2	330
15330078	MATCH	77	2	311
15330079	MATCH	100	2	1111
15330080	MATCH	100	2	870
15330081	MATCH	40	1	372
15330082	MATCH	70	1	143
15330083	MATCH	72	2	1133
15330084	MATCH	47	1	428
15330085	MATCH	100	1	1673
15330086	MATCH	57	2	703
15330087	MATCH	100	2	684
15330088	MATCH	47	1	506
15330089	MATCH	10	1	458
15330090	MATCH	10	1	317
15330091	MATCH	14	1	346
15330092	MATCH	9	1	266
15330093	MATCH	97	1	1332
15330094	MATCH	100	1	8077
15330095	MATCH	75	1	668
15330096	MATCH	24	1	361
15330097	MATCH	36	1	656
15330098	MATCH	88	1	861
15330099	MATCH	90	1	183
15330100	MATCH	65	2	821
15330101	MATCH	60	2	3091
15330102	MATCH	34	1	630
15330103	MATCH	100	2	934
15330104	MATCH	100	2	203
15330105	MATCH	23	2	762
15330106	MATCH	77	2	1680
15330107	MATCH	36	1	1989
15330108	MATCH	46	2	4016
15330109	MATCH	29	1	2819
15330110	MATCH	25	1	630
15330111	MATCH	43	1	872
15330112	MATCH	26	2	1948
15330113	MATCH	100	2	931
15330114	MATCH	28	1	389
15330115	MATCH	30	1	413
15330116	MATCH	100	2	1729
15330117	otherconfig	10	1	457
15330118	MATCH	20	1	298
15330119	MATCH	36	2	2098
15330120	MATCH	45	1	547
15330121	MATCH	54	1	891
15330122	MATCH	96	2	2062
15330123	MATCH	82	1	6436
15330124	MATCH	44	2	652
15330125	MATCH	34	2	833
15330126	MATCH	45	1	546
15330127	MATCH	31	1	1167
15330128	MATCH	41	1	489
15330129	MATCH	28	1	442
15330130	MATCH	36	2	418
15330131	MATCH	100	2	3087
15330132	MATCH	31	2	356
15330133	MATCH	26	2	311
15330134	MATCH	31	1	555
15330135	MATCH	100	2	7378
15330136	MATCH	31	1	1167
15330137	MATCH	28	1	310
15330138	MATCH	81	2	1207
15330139	MATCH	25	2	191
15330140	MATCH	38	2	518
15330141	MATCH	32	1	326
15330142	MATCH	51	1	4343
15330143	MATCH	54	1	3525
15330144	MATCH	26	2	1557
15330145	MATCH	34	2	2243
15330146	MATCH	55	2	2594
15330147	MATCH	64	1	1848
15330148	MATCH	8	1	341
15330149	MATCH	14	1	232
15330150	MATCH	80	1	517
15330151	MATCH	100	2	1323
15330152	MATCH	11	1	321
15330153	MATCH	53	1	296
15330154	MATCH	21	1	317
15330155	MATCH	51	2	1706
15330156	MATCH	42	1	316
15330157	MATCH	100	1	2811
15330158	MATCH	16	2	257
15330159	MATCH	39	2	3109
15330160	MATCH	16	2	257
15330161	MATCH	100	2	1006
15330162	MATCH	42	1	417
15330163	MATCH	16	2	257
15330164	MATCH	79	2	3752
15330165	MATCH	22	1	376
15330166	MATCH	42	1	346
15330167	MATCH	27	1	393
15330168	MATCH	28	1	570
15330169	MATCH	27	1	389
15330170	MATCH	32	1	2462
15330171	MATCH	36	1	2332
15330172	MATCH	34	1	548
15330173	MATCH	46	2	2997
15330174	MATCH	27	1	276
15330175	MATCH	36	1	759
15330176	MATCH	35	2	2608
15330177	MATCH	22	2	1633
15330178	MATCH	18	1	1019
15330179	MATCH	36	1	1322
15330180	MATCH	45	1	3390
15330181	MATCH	19	1	919
15330182	MATCH	29	1	1039
15330183	MATCH	50	2	966
15330184	MATCH	39	1	448
15330185	MATCH	23	1	317
15330186	MATCH	26	1	302
15330187	MATCH	27	1	462
15330188	MATCH	28	1	362
15330189	MATCH	32	1	583
15330190	MATCH	27	1	273
15330191	MATCH	20	1	215
15330192	MATCH	15	1	186
15330193	MATCH	90	1	4117
15330194	MATCH	44	2	1383
15330195	MATCH	35	2	360
15330196	MATCH	52	2	1961
15330197	MATCH	25	1	702
15330198	MATCH	44	1	1562
15330199	MATCH	40	2	1292
15330200	MATCH	58	1	3572
15330201	MATCH	66	1	8051
15330202	MATCH	45	1	1622
15330203	MATCH	100	1	11157
15330204	MATCH	20	2	1474
15330205	MATCH	21	2	1154
15330206	MATCH	25	2	1788
15330207	MATCH	42	1	3281
15330208	MATCH	40	1	1285
15330209	MATCH	24	2	263
15330210	MATCH	44	2	1341
15330211	MATCH	32	2	2998
15330212	MATCH	62	1	813
15330213	MATCH	61	1	7806
15330214	MATCH	32	2	708
15330215	MATCH	26	1	317
15330216	MATCH	23	1	2544
15330217	MATCH	30	1	981
15330218	MATCH	64	1	1325
15330219	MATCH	44	1	1300
15330220	MATCH	31	1	447
15330221	MATCH	31	2	257
15330222	MATCH	45	1	615
15330223	MATCH	28	2	955
15330224	MATCH	41	1	623
15330225	MATCH	39	1	1532
15330226	MATCH	55	1	4608
15330227	MATCH	18	2	403
15330228	MATCH	21	1	259
15330229	MATCH	12	2	404
15330230	MATCH	8	1	244
15330231	MATCH	11	1	1420
15330232	MATCH	31	1	396
15330233	MATCH	24	1	758
15330234	MATCH	11	1	289
15330235	MATCH	12	1	471
15330236	MATCH	56	2	580
15330237	MATCH	100	1	11157
15330238	MATCH	73	2	767
15330239	MATCH	30	2	493
15330240	MATCH	53	1	956
15330241	otherconfig	20	1	710
15330242	MATCH	52	2	567
15330243	MATCH	65	2	4911
15330244	MATCH	54	1	4177
15330245	MATCH	100	1	2708
15330246	MATCH	36	1	530
15330247	MATCH	64	2	3179
15330248	MATCH	19	2	1703
15330249	MATCH	60	2	765
15330250	MATCH	29	1	1975
15330251	MATCH	100	2	2682
15330252	MATCH	31	1	629
15330253	MATCH	70	1	1975
15330254	MATCH	32	2	386
15330255	MATCH	100	1	327
15330256	MATCH	71	2	361
15330257	MATCH	37	2	500
15330258	MATCH	20	2	691
15330259	MATCH	100	1	2628
15330260	MATCH	8	1	156
15330261	MATCH	100	2	3209
15330262	MATCH	28	2	748
15330263	MATCH	23	1	1258
15330264	MATCH	15	1	1440
15330265	MATCH	15	2	722
15330266	MATCH	16	1	729
15330267	MATCH	96	2	2435
15330268	MATCH	39	1	1202
15330269	MATCH	11	1	604
15330270	MATCH	21	1	373
15330271	MATCH	10	1	234
15330272	MATCH	19	1	324
15330273	MATCH	73	2	1634
15330274	MATCH	21	1	1602
15330275	MATCH	88	1	6454
15330276	MATCH	54	2	3153
15330277	MATCH	21	1	851
15330278	MATCH	18	2	730
15330279	MATCH	100	2	5403
15330280	MATCH	33	1	2003
15330281	MATCH	59	1	688
15330282	MATCH	36	1	1952
15330283	MATCH	86	2	2053
15330284	MATCH	57	1	1944
15330285	MATCH	28	1	499
15330286	MATCH	100	2	2422
15330287	MATCH	42	1	1225
15330288	MATCH	32	1	666
15330289	MATCH	65	1	3030
15330290	MATCH	96	2	2435
15330291	MATCH	42	2	2730
15330292	MATCH	100	2	911
15330293	MATCH	100	1	327
15330294	MATCH	63	2	1578
15330295	MATCH	33	2	1371
15330296	MATCH	34	1	568
15330297	MATCH	39	2	1328
15330298	MATCH	39	1	1016
15330299	MATCH	19	1	1423
15330300	MATCH	35	2	1568
15330301	MATCH	15	1	700
15330302	MATCH	24	2	1098
15330303	MATCH	25	1	1242
15330304	MATCH	24	1	1568
15330305	MATCH	13	2	418
15330306	MATCH	21	2	648
15330307	MATCH	10	1	323
15330308	MATCH	12	1	1077
15330309	MATCH	25	1	566
15330310	MATCH	20	2	423
15330311	MATCH	100	2	911
15330312	MATCH	10	1	484
15330313	MATCH	45	1	1673
15330314	MATCH	41	2	1968
15330315	MATCH	13	1	183
15330316	MATCH	73	1	2629
15330317	MATCH	68	2	2428
15330318	MATCH	29	1	500
15330319	MATCH	75	1	1361
15330320	MATCH	100	1	327
15330321	MATCH	100	1	1935
15330322	MATCH	93	2	1009
15330323	MATCH	22	2	533
15330324	MATCH	65	1	3030
15330325	MATCH	77	2	3568
15330326	MATCH	28	2	1973
15330327	MATCH	40	2	1441
15330328	MATCH	100	2	2391
15330329	MATCH	13	2	744
15330330	MATCH	88	1	6454
15330331	MATCH	79	1	8096
15330332	MATCH	65	1	3030
15330333	MATCH	23	2	1182
15330334	MATCH	13	2	741
15330335	MATCH	57	2	3695
15330336	MATCH	100	2	1943
15330337	MATCH	100	2	830
15330338	MATCH	99	1	317
15330339	MATCH	37	1	992
15330340	MATCH	52	1	356
15330341	MATCH	32	1	731
15330342	MATCH	22	1	248
15330343	MATCH	62	1	590
15330344	MATCH	36	1	365
15330345	MATCH	56	1	507
15330346	MATCH	42	1	386
15330347	MATCH	61	2	804
15330348	MATCH	21	1	240
15330349	MATCH	42	1	784
15330350	MATCH	32	2	378
15330351	MATCH	31	1	445
15330352	MATCH	34	2	250
15330353	MATCH	36	1	296
15330354	MATCH	33	2	527
15330355	MATCH	36	1	296
15330356	MATCH	27	2	261
15330357	MATCH	42	1	361
15330358	MATCH	42	1	420
15330359	MATCH	94	2	1312
15330360	MATCH	28	1	164
15330361	MATCH	51	2	2579
15330362	MATCH	42	1	1200
15330363	MATCH	32	1	503
15330364	MATCH	13	1	547
15330365	MATCH	50	2	858
15330366	MATCH	30	2	360
15330367	MATCH	17	1	366
15330368	MATCH	50	1	1523
15330369	MATCH	100	1	1384
15330370	MATCH	100	1	1888
15330371	MATCH	100	2	1164
15330372	MATCH	27	2	974
15330373	MATCH	29	2	616
15330374	MATCH	30	2	471
15330375	MATCH	39	1	577
15330376	MATCH	25	2	321
15330377	MATCH	41	1	1044
15330378	MATCH	63	2	772
15330379	MATCH	37	2	580
15330380	otherconfig	59	2	7068
15330381	MATCH	0	2	3
15330382	MATCH	0	2	3
15330383	MATCH	66	2	613
15330384	MATCH	0	2	3
15330385	MATCH	36	2	771
15330386	MATCH	0	2	3
15330387	MATCH	46	1	514
15330388	MATCH	100	1	391
15330389	MATCH	36	1	2187
15330390	MATCH	0	2	3
15330391	MATCH	100	1	743
15330392	MATCH	0	2	3
15330393	MATCH	59	2	668
15330394	MATCH	59	2	712
15330395	MATCH	28	2	284
15330396	MATCH	24	2	2014
15330397	MATCH	22	2	1424
15330398	MATCH	16	2	890
15330399	MATCH	100	2	972
15330400	MATCH	5	2	181
15330401	MATCH	100	1	401
15330402	MATCH	25	2	212
15330403	MATCH	100	2	1716
15330404	MATCH	100	1	1037
15330405	MATCH	42	2	863
15330406	MATCH	87	2	1824
15330407	MATCH	38	2	553
15330408	MATCH	100	1	1822
15330409	MATCH	100	2	2484
15330410	MATCH	38	2	359
15330411	MATCH	100	1	780
15330412	MATCH	73	1	884
15330413	MATCH	49	2	2135
15330414	MATCH	13	1	457
15330415	MATCH	100	1	1840
15330416	MATCH	100	1	1015
15330417	MATCH	100	2	3550
15330418	MATCH	100	1	9603
15330419	MATCH	27	2	373
15330420	MATCH	86	2	1340
15330421	MATCH	71	2	4152
15330422	MATCH	32	2	213
15330423	MATCH	100	1	6418
15330424	MATCH	32	1	478
15330425	MATCH	13	1	568
15330426	MATCH	19	1	343
15330427	MATCH	17	1	366
15330428	MATCH	22	1	187
15330429	MATCH	17	1	127
15330430	MATCH	17	1	1082
15330431	MATCH	17	1	198
15330432	MATCH	42	1	353
15330433	MATCH	100	1	2295
15330434	MATCH	74	2	737
15330435	MATCH	37	1	469
15330436	MATCH	17	1	224
15330437	MATCH	25	2	375
15330438	MATCH	76	2	886
15330439	MATCH	100	1	2295
15330440	MATCH	76	2	868
15330441	MATCH	52	1	936
15330442	MATCH	38	2	273
15330443	MATCH	100	2	1123
15330444	MATCH	46	2	468
15330445	MATCH	52	1	910
15330446	MATCH	50	2	946
15330447	MATCH	69	2	1432
15330448	MATCH	100	1	7271
15330449	MATCH	26	1	569
15330450	MATCH	19	2	397
15330451	MATCH	13	1	602
15330452	MATCH	48	2	512
15330453	MATCH	16	2	593
15330454	MATCH	61	2	4293
15330455	MATCH	22	2	737
15330456	MATCH	10	2	257
15330457	MATCH	25	2	800
15330458	MATCH	32	2	991
15330459	MATCH	26	2	2144
15330460	MATCH	100	2	2744
15330461	MATCH	88	1	6186
15330462	MATCH	100	2	2822
15330463	MATCH	100	2	1808
15330464	MATCH	36	2	1181
15330465	MATCH	74	1	1631
15330466	MATCH	12	1	884
15330467	MATCH	100	1	1604
15330468	MATCH	27	1	1308
15330469	MATCH	100	2	824
15330470	MATCH	100	1	4288
15330471	MATCH	40	1	486
15330472	MATCH	18	1	396
15330473	MATCH	18	1	841
15330474	MATCH	13	2	274
15330475	MATCH	18	1	213
15330476	MATCH	23	2	818
15330477	MATCH	34	2	481
15330478	MATCH	10	2	329
15330479	MATCH	37	2	357
15330480	MATCH	14	2	749
15330481	MATCH	100	2	1194
15330482	MATCH	100	2	528
15330483	MATCH	100	1	7143
15330484	MATCH	13	2	898
15330485	MATCH	100	1	1106
15330486	MATCH	18	2	1045
15330487	MATCH	100	2	620
15330488	MATCH	5	1	616
15330489	MATCH	100	1	2052
15330490	MATCH	5	1	616
15330491	MATCH	100	2	2139
15330492	MATCH	100	1	287
15330493	MATCH	33	2	3148
15330494	MATCH	17	1	251
15330495	MATCH	46	2	642
15330496	MATCH	43	1	527
15330497	MATCH	38	1	630
15330498	MATCH	67	1	1097
15330499	MATCH	26	1	317
15330500	MATCH	31	1	447
15330501	MATCH	53	2	764
15330502	MATCH	67	1	1097
15330503	MATCH	31	1	447
15330504	MATCH	31	1	447
15330505	MATCH	36	2	292
15330506	MATCH	56	1	719
15330507	MATCH	37	1	764
15330508	MATCH	29	1	479
15330509	MATCH	22	2	2503
15330510	MATCH	16	1	240
15330511	MATCH	22	2	866
15330512	MATCH	43	2	1541
15330513	MATCH	63	1	1109
15330514	MATCH	58	2	533
15330515	MATCH	40	2	613
15330516	MATCH	100	2	557
15330517	MATCH	42	1	795
15330518	MATCH	44	2	1025
15330519	MATCH	20	1	342
15330520	MATCH	13	1	654
15330521	MATCH	17	1	288
15330522	MATCH	23	1	756
15330523	MATCH	26	1	559
15330524	MATCH	30	2	1083
15330525	MATCH	71	2	3266
15330526	MATCH	34	1	518
15330527	MATCH	100	2	1014
15330528	MATCH	100	1	1474
15330529	MATCH	68	2	938
15330530	MATCH	74	2	1181
15330531	MATCH	100	2	4642
15330532	MATCH	100	2	1135
15330533	MATCH	100	1	1471
15330534	otherconfig	78	1	4602
15330535	MATCH	100	2	1470
15330536	MATCH	21	1	695
15330537	MATCH	100	2	4067
15330538	MATCH	93	1	5943
15330539	MATCH	31	2	1068
15330540	MATCH	100	2	3563
15330541	MATCH	64	2	1382
15330542	MATCH	100	1	4288
15330543	MATCH	100	2	2824
15330544	MATCH	100	2	1154
15330545	MATCH	100	1	5322
15330546	MATCH	19	1	263
15330547	MATCH	13	1	162
15330548	MATCH	16	1	1192
15330549	MATCH	13	1	136
15330550	MATCH	11	2	240
15330551	MATCH	11	2	299
15330552	MATCH	29	1	513
15330553	MATCH	19	1	263
15330554	MATCH	33	1	572
15330555	MATCH	19	2	259
15330556	MATCH	16	2	237
15330557	MATCH	22	1	373
15330558	MATCH	67	1	1091
15330559	MATCH	49	1	3410
15330560	MATCH	23	1	379
15330561	MATCH	35	2	533
15330562	MATCH	33	1	372
15330563	MATCH	16	2	354
15330564	MATCH	33	1	408
15330565	MATCH	15	2	395
15330566	MATCH	97	2	1903
15330567	MATCH	25	1	385
15330568	MATCH	20	2	470
15330569	MATCH	21	1	327
15330570	MATCH	49	1	3395
15330571	MATCH	76	1	1311
15330572	MATCH	10	1	303
15330573	MATCH	25	1	306
15330574	MATCH	21	2	390
15330575	MATCH	46	1	628
15330576	MATCH	22	2	490
15330577	MATCH	32	1	1295
15330578	MATCH	48	2	882
15330579	MATCH	22	2	291
15330580	MATCH	27	2	327
15330581	MATCH	33	1	392
15330582	otherconfig	75	1	5810
15330583	MATCH	29	1	428
15330584	MATCH	9	1	405
15330585	MATCH	16	1	209
15330586	MATCH	16	1	279
15330587	MATCH	100	2	3003
15330588	MATCH	51	1	761
15330589	MATCH	33	1	681
15330590	MATCH	41	1	966
15330591	MATCH	35	1	747
15330592	MATCH	16	2	455
15330593	MATCH	35	2	1366
15330594	MATCH	79	1	1857
15330595	otherconfig	47	2	2321
15330596	MATCH	32	1	506
15330597	MATCH	16	1	827
15330598	MATCH	38	1	553
15330599	MATCH	67	1	1097
15330600	MATCH	67	1	1091
15330601	MATCH	51	1	649
15330602	MATCH	53	2	764
15330603	MATCH	34	1	468
15330604	MATCH	21	1	316
15330605	MATCH	58	1	395
15330606	MATCH	67	1	1097
15330607	MATCH	16	1	267
15330608	MATCH	21	1	316
15330609	MATCH	21	2	388
15330610	MATCH	33	1	346
15330611	MATCH	21	2	388
15330612	MATCH	39	1	583
15330613	MATCH	21	1	327
15330614	MATCH	25	1	306
15330615	MATCH	33	1	333
15330616	MATCH	100	1	600
15330617	MATCH	52	1	356
15330618	MATCH	42	1	386
15330619	MATCH	43	2	293
15330620	MATCH	62	1	590
15330621	MATCH	56	1	507
15330622	MATCH	21	1	231
15330623	MATCH	42	1	361
15330624	MATCH	42	1	386
15330625	MATCH	48	2	882
15330626	MATCH	23	2	288
15330627	MATCH	42	1	784
15330628	MATCH	35	1	215
15330629	MATCH	25	1	385
15330630	MATCH	27	2	327
15330631	MATCH	22	2	291
15330632	MATCH	34	2	250
15330633	MATCH	33	2	334
15330634	MATCH	27	2	261
15330635	otherconfig	78	2	4576
15330636	MATCH	51	1	579
15330637	MATCH	55	2	865
15330638	MATCH	34	1	1454
15330639	MATCH	50	1	493
15330640	MATCH	100	2	1344
15330641	MATCH	53	2	466
15330642	MATCH	81	2	938
15330643	MATCH	91	2	1298
15330644	MATCH	47	1	530
15330645	MATCH	55	2	703
15330646	MATCH	100	1	2368
15330647	MATCH	36	1	295
15330648	MATCH	22	1	1419
15330649	MATCH	16	1	170
15330650	MATCH	41	1	515
15330651	MATCH	100	1	616
15330652	MATCH	28	1	560
15330653	MATCH	21	1	187
15330654	MATCH	51	2	336
15330655	MATCH	62	1	592
15330656	MATCH	21	2	291
15330657	MATCH	62	1	720
15330658	MATCH	21	2	291
15330659	MATCH	23	1	382
15330660	MATCH	51	2	478
15330661	MATCH	59	1	620
15330662	MATCH	49	1	1200
15330663	MATCH	28	1	489
15330664	MATCH	31	1	481
15330665	MATCH	45	1	301
15330666	MATCH	35	1	405
15330667	MATCH	21	1	291
15330668	MATCH	21	1	230
15330669	MATCH	40	2	1083
15330670	MATCH	62	2	565
15330671	MATCH	42	1	420
15330672	MATCH	34	1	515
15330673	MATCH	35	1	240
15330674	MATCH	34	1	593
15330675	MATCH	31	2	402
15330676	MATCH	46	1	586
15330677	MATCH	27	1	327
15330678	MATCH	28	1	282
15330679	MATCH	29	2	277
15330680	MATCH	42	1	369
15330681	MATCH	55	1	1839
15330682	MATCH	87	1	1279
15330683	MATCH	45	2	945
15330684	MATCH	13	1	847
15330685	MATCH	13	1	192
15330686	MATCH	9	1	266
15330687	MATCH	43	1	726
15330688	MATCH	29	2	176
15330689	MATCH	24	2	386
15330690	MATCH	39	2	1215
15330691	MATCH	63	2	606
15330692	MATCH	100	1	2613
15330693	MATCH	81	2	2322
15330694	MATCH	30	1	309
15330695	MATCH	61	2	1827
15330696	MATCH	11	1	442
15330697	MATCH	88	1	5685
15330698	MATCH	100	1	6186
15330699	MATCH	43	1	1342
15330700	MATCH	55	1	1386
15330701	MATCH	95	1	4051
15330702	MATCH	12	1	256
15330703	MATCH	39	1	704
15330704	MATCH	100	1	2083
15330705	MATCH	46	1	2114
15330706	MATCH	39	1	704
15330707	MATCH	42	2	972
15330708	MATCH	61	2	1745
15330709	MATCH	39	1	1001
15330710	MATCH	39	2	1172
15330711	MATCH	27	2	670
15330712	MATCH	20	1	504
15330713	MATCH	44	1	897
15330714	MATCH	32	1	727
15330715	MATCH	39	1	692
15330716	MATCH	44	1	897
15330717	MATCH	27	1	368
15330718	MATCH	40	1	786
15330719	MATCH	36	1	842
15330720	MATCH	80	2	966
15330721	MATCH	99	2	5803
15330722	MATCH	22	1	563
15330723	MATCH	45	1	301
15330724	MATCH	35	1	574
15330725	MATCH	17	2	350
15330726	MATCH	22	1	553
15330727	MATCH	50	1	261
15330728	MATCH	11	1	493
15330729	MATCH	45	1	964
15330730	MATCH	17	1	317
15330731	MATCH	21	1	265
15330732	MATCH	13	1	257
15330733	MATCH	21	1	230
15330734	MATCH	49	1	1609
15330735	MATCH	34	1	740
15330736	MATCH	14	2	147
15330737	MATCH	42	1	623
15330738	MATCH	42	1	927
15330739	MATCH	99	1	5799
15330740	MATCH	20	2	647
15330741	MATCH	40	2	765
15330742	MATCH	74	1	830
15330743	MATCH	36	1	289
15330744	MATCH	36	1	289
15330745	MATCH	36	1	394
15330746	MATCH	21	1	247
15330747	MATCH	64	2	1087
15330748	MATCH	36	1	325
15330749	MATCH	99	1	5917
15330750	MATCH	29	2	284
15330751	MATCH	21	1	219
15330752	MATCH	65	2	1313
15330753	MATCH	49	2	290
15330754	MATCH	47	2	408
15330755	otherconfig	78	2	3335
15330756	MATCH	28	1	295
15330757	MATCH	30	2	873
15330758	MATCH	28	1	495
15330759	MATCH	16	2	181
15330760	MATCH	28	1	295
15330761	MATCH	23	1	720
15330762	MATCH	25	2	1356
15330763	MATCH	15	2	212
15330764	otherconfig	63	1	5273
15330765	MATCH	47	1	294
15330766	MATCH	29	1	371
15330767	MATCH	21	1	227
15330768	MATCH	31	1	381
15330769	MATCH	46	1	996
15330770	MATCH	63	2	697
15330771	MATCH	36	2	301
15330772	MATCH	80	1	966
15330773	MATCH	30	2	403
15330774	MATCH	31	1	381
15330775	MATCH	46	1	319
15330776	MATCH	35	1	354
15330777	MATCH	42	1	507
15330778	otherconfig	65	2	3699
15330779	MATCH	42	1	464
15330780	MATCH	42	1	507
15330781	MATCH	28	1	334
15330782	MATCH	89	1	2511
15330783	MATCH	25	2	266
15330784	MATCH	49	1	432
15330785	MATCH	28	1	272
15330786	MATCH	28	2	193
15330787	MATCH	21	1	229
15330788	MATCH	42	1	374
15330789	MATCH	56	1	674
15330790	MATCH	40	1	388
15330791	MATCH	70	1	2172
15330792	MATCH	100	1	1267
15330793	MATCH	56	1	575
15330794	MATCH	61	2	663
15330795	MATCH	46	1	380
15330796	MATCH	19	2	153
15330797	MATCH	35	1	444
15330798	MATCH	42	1	776
15330799	MATCH	51	1	1364
15330800	MATCH	35	2	304
15330801	MATCH	42	2	302
15330802	MATCH	64	2	2547
15330803	MATCH	98	1	1269
15330804	MATCH	51	1	720
15330805	MATCH	39	2	503
15330806	otherconfig	42	2	2319
15330807	MATCH	51	1	650
15330808	MATCH	21	1	214
15330809	otherconfig	17	1	632
15330810	MATCH	51	2	526
15330811	MATCH	72	2	808
15330812	MATCH	56	1	451
15330813	MATCH	14	1	168
15330814	MATCH	56	1	700
15330815	MATCH	21	1	140
15330816	otherconfig	87	2	4857
15330817	MATCH	42	1	453
15330818	MATCH	49	1	1125
15330819	MATCH	41	1	649
15330820	MATCH	25	1	677
15330821	MATCH	21	1	258
15330822	MATCH	28	1	506
15330823	MATCH	28	1	321
15330824	MATCH	49	2	904
15330825	MATCH	31	1	557
15330826	MATCH	36	2	583
15330827	MATCH	36	2	505
15330828	MATCH	26	2	653
15330829	otherconfig	58	2	2649
15330830	otherconfig	100	1	4593
15330831	otherconfig	61	1	2207
15330832	MATCH	49	1	1110
15330833	otherconfig	78	2	6081
15330834	MATCH	42	1	619
15330835	otherconfig	32	1	4309
15330836	MATCH	35	1	341
15330837	MATCH	42	1	818
15330838	MATCH	57	1	712
15330839	MATCH	21	1	276
15330840	MATCH	20	1	157
15330841	MATCH	42	1	1540
15330842	MATCH	71	2	1955
15330843	MATCH	26	2	435
15330844	MATCH	58	1	1296
15330845	MATCH	65	1	1442
15330846	MATCH	72	1	1779
15330847	MATCH	40	2	1051
15330848	MATCH	17	1	311
15330849	MATCH	34	1	740
15330850	MATCH	9	1	406
15330851	MATCH	66	2	1803
15330852	MATCH	19	2	376
15330853	MATCH	21	1	363
15330854	otherconfig	20	1	757
15330855	MATCH	13	1	257
15330856	MATCH	50	1	2455
15330857	MATCH	20	2	647
15330858	otherconfig	59	1	1455
15330859	MATCH	38	1	878
15330860	MATCH	16	2	454
15330861	otherconfig	56	2	3739
15330862	MATCH	99	1	849
15330863	MATCH	16	2	1152
15330864	otherconfig	55	2	6319
15330865	MATCH	49	1	911
15330866	otherconfig	44	1	1249
15330867	MATCH	35	1	366
15330868	otherconfig	71	1	5794
15330869	MATCH	61	2	538
15330870	otherconfig	46	1	3004
15330871	MATCH	42	1	370
15330872	otherconfig	60	1	3697
15330873	MATCH	35	1	450
15330874	otherconfig	51	2	4882
15330875	MATCH	35	1	450
15330876	otherconfig	100	2	8234
15330877	MATCH	42	1	370
15330878	otherconfig	86	1	9942
15330879	otherconfig	68	1	5633
15330880	MATCH	83	1	2255
15330881	otherconfig	100	2	6734
15330882	otherconfig	68	2	2958
15330883	MATCH	28	1	272
15330884	MATCH	28	1	171
15330885	MATCH	31	1	463
15330886	MATCH	71	1	2010
15330887	MATCH	42	1	449
15330888	MATCH	31	2	227
15330889	MATCH	41	1	812
